Title,Set,Aspect,Type,Cost,Trait,Rarity,Card No.
Nala Se Clone Engineer,TWI,Vigilance Icon Villainy Icon,"Leader, Leader Unit",cost Icon,—,Rare Icon Rare Icon,1/257
Nute Gunray Vindictive Viceroy,TWI,Vigilance Icon Villainy Icon,"Leader, Leader Unit",cost Icon,"Separatist, Official",Common Icon Common Icon,2/257
Obi-Wan Kenobi Patient Mentor,TWI,Vigilance Icon Heroism Icon,"Leader, Leader Unit",cost Icon,"Force, Jedi, Republic",Common Icon Common Icon,3/257
Yoda Sensing Darkness,TWI,Vigilance Icon Heroism Icon,"Leader, Leader Unit",cost Icon,"Force, Jedi, Republic",Rare Icon Rare Icon,4/257
Count Dooku Face of the Confederacy,TWI,Command Icon Villainy Icon,"Leader, Leader Unit",cost Icon,"Force, Separatist, Sith",Common Icon Common Icon,5/257
Wat Tambor Techno Union Foreman,TWI,Command Icon Villainy Icon,"Leader, Leader Unit",cost Icon,"Separatist, Official",Rare Icon Rare Icon,6/257
Captain Rex Fighting For His Brothers,TWI,Command Icon Heroism Icon,"Leader, Leader Unit",cost Icon,"Republic, Clone, Trooper",Rare Icon Rare Icon,7/257
Padmé Amidala Serving the Republic,TWI,Command Icon Heroism Icon,"Leader, Leader Unit",cost Icon,"Naboo, Republic, Official",Common Icon Common Icon,8/257
Maul A Rival in Darkness,TWI,Aggression Icon Villainy Icon,"Leader, Leader Unit",cost Icon,"Force, Underworld",Common Icon Common Icon,9/257
Pre Vizsla Pursuing the Throne,TWI,Aggression Icon Villainy Icon,"Leader, Leader Unit",cost Icon,"Mandalorian, Trooper",Rare Icon Rare Icon,10/257
Ahsoka Tano Snips,TWI,Aggression Icon Heroism Icon,"Leader, Leader Unit",cost Icon,"Force, Jedi, Republic",Special Icon Special Icon,11/257
Anakin Skywalker What it Takes to Win,TWI,Aggression Icon Heroism Icon,"Leader, Leader Unit",cost Icon,"Force, Jedi, Republic",Common Icon Common Icon,12/257
Mace Windu Vaapad Form Master,TWI,Aggression Icon Heroism Icon,"Leader, Leader Unit",cost Icon,"Force, Jedi, Republic",Rare Icon Rare Icon,13/257
Asajj Ventress Unparalleled Adversary,TWI,Cunning Icon Villainy Icon,"Leader, Leader Unit",cost Icon,"Force, Separatist, Sith",Rare Icon Rare Icon,14/257
General Grievous General of the Droid Armies,TWI,Cunning Icon Villainy Icon,"Leader, Leader Unit",cost Icon,"Separatist, Official",Special Icon Special Icon,15/257
Jango Fett Concealing the Conspiracy,TWI,Cunning Icon Villainy Icon,"Leader, Leader Unit",cost Icon,"Underworld, Bounty Hunter",Common Icon Common Icon,16/257
Chancellor Palpatine Playing Both Sides,TWI,Cunning Icon Villainy Icon Heroism Icon,"Leader, Leader",—,"Republic, Official",Rare Icon Rare Icon,17/257
Quinlan Vos Sticking the Landing,TWI,Cunning Icon Heroism Icon,"Leader, Leader Unit",cost Icon,"Force, Jedi, Republic",Common Icon Common Icon,18/257
Gar Saxon Viceroy of Mandalore,SHD,Villainy Icon Vigilance Icon,"Leader, Leader Unit",cost Icon,"Imperial, Mandalorian, Official",Common Icon Common Icon,1/262
Qi'ra I Alone Survived,SHD,Villainy Icon Vigilance Icon,"Leader, Leader Unit",cost Icon,Underworld,Rare Icon Rare Icon,2/262
Finn This is a Rescue,SHD,Heroism Icon Vigilance Icon,"Leader, Leader Unit",cost Icon,"Fringe, Trooper",Rare Icon Rare Icon,3/262
Rey More Than a Scavenger,SHD,Heroism Icon Vigilance Icon,"Leader, Leader Unit",cost Icon,"Force, Fringe",Common Icon Common Icon,4/262
Hondo Ohnaka That's Good Business,SHD,Command Icon Villainy Icon,"Leader, Leader Unit",cost Icon,Underworld,Common Icon Common Icon,5/262
Jabba the Hutt His High Exaltedness,SHD,Command Icon Villainy Icon,"Leader, Leader Unit",cost Icon,"Underworld, Hutt",Rare Icon Rare Icon,6/262
Moff Gideon Formidable Commander,SHD,Command Icon Villainy Icon,"Leader, Leader Unit",cost Icon,"Imperial, Official",Special Icon Special Icon,7/262
Boba Fett Daimyo,SHD,Command Icon Heroism Icon,"Leader, Leader Unit",cost Icon,Underworld,Common Icon Common Icon,8/262
Hunter Outcast Sergeant,SHD,Command Icon Heroism Icon,"Leader, Leader Unit",cost Icon,"Fringe, Clone",Rare Icon Rare Icon,9/262
Bossk Hunting His Prey,SHD,Villainy Icon Aggression Icon,"Leader, Leader Unit",cost Icon,"Underworld, Bounty Hunter",Common Icon Common Icon,10/262
Kylo Ren Rash and Deadly,SHD,Villainy Icon Aggression Icon,"Leader, Leader Unit",cost Icon,"Force, First Order",Rare Icon Rare Icon,11/262
Bo-Katan Kryze Princess in Exile,SHD,Heroism Icon Aggression Icon,"Leader, Leader Unit",cost Icon,Mandalorian,Rare Icon Rare Icon,12/262
Han Solo Worth the Risk,SHD,Heroism Icon Aggression Icon,"Leader, Leader Unit",cost Icon,Underworld,Common Icon Common Icon,13/262
Cad Bane He Who Needs No Introduction,SHD,Cunning Icon Villainy Icon,"Leader, Leader Unit",cost Icon,"Underworld, Bounty Hunter",Common Icon Common Icon,14/262
Doctor Aphra Rapacious Archaeologist,SHD,Cunning Icon Villainy Icon,"Leader, Leader Unit",cost Icon,Fringe,Rare Icon Rare Icon,15/262
Fennec Shand Honoring the Deal,SHD,Cunning Icon Heroism Icon,"Leader, Leader Unit",cost Icon,Underworld,Common Icon Common Icon,16/262
Lando Calrissian With Impeccable Taste,SHD,Cunning Icon Heroism Icon,"Leader, Leader Unit",cost Icon,Underworld,Rare Icon Rare Icon,17/262
The Mandalorian Sworn To The Creed,SHD,Cunning Icon Heroism Icon,"Leader, Leader Unit",cost Icon,"Mandalorian, Bounty Hunter",Special Icon Special Icon,18/262
Director Krennic Aspiring to Authority,SOR,Vigilance Icon Villainy Icon,"Leader, Leader Unit",cost Icon,"Imperial, Official",Common Icon Common Icon,1/252
Iden Versio Inferno Squad Commander,SOR,Vigilance Icon Villainy Icon,"Leader, Leader Unit",cost Icon,"Imperial, Trooper",Rare Icon Rare Icon,2/252
Chewbacca Walking Carpet,SOR,Vigilance Icon Heroism Icon,"Leader, Leader Unit",cost Icon,"Underworld, Wookiee",Common Icon Common Icon,3/252
Chirrut Îmwe One With The Force,SOR,Vigilance Icon Heroism Icon,"Leader, Leader Unit",cost Icon,"Force, Rebel",Rare Icon Rare Icon,4/252
Luke Skywalker Faithful Friend,SOR,Vigilance Icon Heroism Icon,"Leader, Leader Unit",cost Icon,"Force, Rebel",Special Icon Special Icon,5/252
Emperor Palpatine Galactic Ruler,SOR,Command Icon Villainy Icon,"Leader, Leader Unit",cost Icon,"Force, Imperial, Sith, Official",Rare Icon Rare Icon,6/252
Grand Moff Tarkin Oversector Governor,SOR,Command Icon Villainy Icon,"Leader, Leader Unit",cost Icon,"Imperial, Official",Common Icon Common Icon,7/252
Hera Syndulla Spectre Two,SOR,Command Icon Heroism Icon,"Leader, Leader Unit",cost Icon,"Rebel, Twi'lek, Spectre",Rare Icon Rare Icon,8/252
Leia Organa Alliance General,SOR,Command Icon Heroism Icon,"Leader, Leader Unit",cost Icon,"Rebel, Official",Common Icon Common Icon,9/252
Darth Vader Dark Lord of the Sith,SOR,Aggression Icon Villainy Icon,"Leader, Leader Unit",cost Icon,"Force, Imperial, Sith",Special Icon Special Icon,10/252
Grand Inquisitor Hunting the Jedi,SOR,Aggression Icon Villainy Icon,"Leader, Leader Unit",cost Icon,"Force, Imperial, Inquisitor",Rare Icon Rare Icon,11/252
IG-88 Ruthless Bounty Hunter,SOR,Aggression Icon Villainy Icon,"Leader, Leader Unit",cost Icon,"Underworld, Droid, Bounty Hunter",Common Icon Common Icon,12/252
Cassian Andor Dedicated to the Rebellion,SOR,Aggression Icon Heroism Icon,"Leader, Leader Unit",cost Icon,Rebel,Rare Icon Rare Icon,13/252
Sabine Wren Galvanized Revolutionary,SOR,Aggression Icon Heroism Icon,"Leader, Leader Unit",cost Icon,"Mandalorian, Rebel, Spectre",Common Icon Common Icon,14/252
Boba Fett Collecting the Bounty,SOR,Cunning Icon Villainy Icon,"Leader, Leader Unit",cost Icon,"Underworld, Bounty Hunter",Common Icon Common Icon,15/252
Grand Admiral Thrawn Patient and Insightful,SOR,Cunning Icon Villainy Icon,"Leader, Leader Unit",cost Icon,"Imperial, Official",Rare Icon Rare Icon,16/252
Han Solo Audacious Smuggler,SOR,Cunning Icon Heroism Icon,"Leader, Leader Unit",cost Icon,Underworld,Rare Icon Rare Icon,17/252
Jyn Erso Resisting Oppression,SOR,Cunning Icon Heroism Icon,"Leader, Leader Unit",cost Icon,Rebel,Common Icon Common Icon,18/252
Pau City ,TWI,Vigilance Icon,Base,—,—,Rare Icon Rare Icon,19/257
Sundari ,TWI,Vigilance Icon,Base,—,—,Common Icon Common Icon,20/257
The Crystal City ,TWI,Vigilance Icon,Base,—,—,Common Icon Common Icon,21/257
Droid Manufactory ,TWI,Command Icon,Base,—,—,Rare Icon Rare Icon,22/257
Lair of Grievous ,TWI,Command Icon,Base,—,—,Common Icon Common Icon,23/257
Tipoca City ,TWI,Command Icon,Base,—,—,Common Icon Common Icon,24/257
Shadow Collective Camp ,TWI,Aggression Icon,Base,—,—,Rare Icon Rare Icon,25/257
KCM Mining Facility ,TWI,Aggression Icon,Base,—,—,Common Icon Common Icon,26/257
The Nest ,TWI,Aggression Icon,Base,—,—,Common Icon Common Icon,27/257
Petranaki Arena ,TWI,Cunning Icon,Base,—,—,Rare Icon Rare Icon,28/257
Level 1313 ,TWI,Cunning Icon,Base,—,—,Common Icon Common Icon,29/257
Pyke Palace ,TWI,Cunning Icon,Base,—,—,Common Icon Common Icon,30/257
Remnant Science Facility ,SHD,Vigilance Icon,Base,—,—,Common Icon Common Icon,19/262
Remote Village ,SHD,Vigilance Icon,Base,—,—,Common Icon Common Icon,20/262
Maz Kanata's Castle ,SHD,Command Icon,Base,—,—,Common Icon Common Icon,21/262
Nevarro City ,SHD,Command Icon,Base,—,—,Common Icon Common Icon,22/262
Death Watch Hideout ,SHD,Aggression Icon,Base,—,—,Common Icon Common Icon,23/262
Spice Mines ,SHD,Aggression Icon,Base,—,—,Common Icon Common Icon,24/262
Coronet City ,SHD,Cunning Icon,Base,—,—,Common Icon Common Icon,25/262
Jabba's Palace ,SHD,Cunning Icon,Base,—,—,Common Icon Common Icon,26/262
Security Complex ,SOR,Vigilance Icon,Base,—,—,Rare Icon Rare Icon,19/252
Capital City ,SOR,Vigilance Icon,Base,—,—,Common Icon Common Icon,20/252
Dagobah Swamp ,SOR,Vigilance Icon,Base,—,—,Common Icon Common Icon,21/252
Energy Conversion Lab ,SOR,Command Icon,Base,—,—,Rare Icon Rare Icon,22/252
Command Center ,SOR,Command Icon,Base,—,—,Common Icon Common Icon,23/252
Echo Base ,SOR,Command Icon,Base,—,—,Common Icon Common Icon,24/252
Tarkintown ,SOR,Aggression Icon,Base,—,—,Rare Icon Rare Icon,25/252
Catacombs of Cadera ,SOR,Aggression Icon,Base,—,—,Common Icon Common Icon,26/252
Kestro City ,SOR,Aggression Icon,Base,—,—,Common Icon Common Icon,27/252
Jedha City ,SOR,Cunning Icon,Base,—,—,Rare Icon Rare Icon,28/252
Administrator's Tower ,SOR,Cunning Icon,Base,—,—,Common Icon Common Icon,29/252
Chopper Base ,SOR,Cunning Icon,Base,—,—,Common Icon Common Icon,30/252
Count Dooku Darth Tyranus,C24,Vigilance Icon Villainy Icon,Unit,cost Icon,"Force, Sith, Separatist",Special Icon Special Icon,1/6
Darth Vader Commanding the First Legion,C24,Command Icon Villainy Icon,Unit,cost Icon,"Force, Imperial, Sith",Special Icon Special Icon,2/6
Emperor Palpatine Master of the Dark Side,C24,Aggression Icon Villainy Icon,Unit,cost Icon,"Force, Imperial, Sith, Official",Special Icon Special Icon,3/6
Kylo Ren Killing the Past,C24,Aggression Icon Villainy Icon,Unit,cost Icon,"Force, First Order",Special Icon Special Icon,4/6
Asajj Ventress Count Dooku's Assassin,C24,Aggression Icon Villainy Icon,Unit,cost Icon,"Force, Separatist, Sith",Special Icon Special Icon,5/6
Darth Maul Revenge At Last,C24,Aggression Icon Villainy Icon,Unit,cost Icon,"Force, Sith",Special Icon Special Icon,6/6
Rune Haako Scheming Second,TWI,Vigilance Icon Villainy Icon,Unit,cost Icon,"Separatist, Official",Uncommon Icon Uncommon Icon,31/257
Wartime Trade Official ,TWI,Vigilance Icon Villainy Icon,Unit,cost Icon,"Separatist, Official",Common Icon Common Icon,32/257
Calculating MagnaGuard ,TWI,Vigilance Icon Villainy Icon,Unit,cost Icon,"Separatist, Droid",Uncommon Icon Uncommon Icon,33/257
General Grievous Trophy Collector,TWI,Vigilance Icon Villainy Icon,Unit,cost Icon,"Separatist, Official",Legendary Icon Legendary Icon,34/257
Morgan Elsbeth Keeper of Many Secrets,TWI,Vigilance Icon Villainy Icon,Unit,cost Icon,"Force, Imperial, Official",Rare Icon Rare Icon,35/257
Devastating Gunship ,TWI,Vigilance Icon Villainy Icon,Unit,cost Icon,"Separatist, Droid, Vehicle, Transport",Common Icon Common Icon,36/257
Droideka Security ,TWI,Vigilance Icon Villainy Icon,Unit,cost Icon,"Separatist, Droid",Common Icon Common Icon,37/257
Providence Destroyer ,TWI,Vigilance Icon Villainy Icon,Unit,cost Icon,"Separatist, Vehicle, Capital Ship",Uncommon Icon Uncommon Icon,38/257
Malevolence Grievous's Secret Weapon,TWI,Vigilance Icon Villainy Icon,Unit,cost Icon,"Separatist, Vehicle, Capital Ship",Rare Icon Rare Icon,39/257
A Fine Addition ,TWI,Vigilance Icon Villainy Icon,Event,cost Icon,Supply,Rare Icon Rare Icon,40/257
Lethal Crackdown ,TWI,Vigilance Icon Villainy Icon,Event,cost Icon,Tactic,Uncommon Icon Uncommon Icon,41/257
Barriss Offee Unassuming Apprentice,TWI,Vigilance Icon Heroism Icon,Unit,cost Icon,"Force, Jedi, Republic",Rare Icon Rare Icon,42/257
Outspoken Representative ,TWI,Vigilance Icon Heroism Icon,Unit,cost Icon,"Republic, Official",Common Icon Common Icon,43/257
Kashyyyk Defender ,TWI,Vigilance Icon Heroism Icon,Unit,cost Icon,Wookiee,Uncommon Icon Uncommon Icon,44/257
41st Elite Corps ,TWI,Vigilance Icon Heroism Icon,Unit,cost Icon,"Republic, Clone, Trooper",Common Icon Common Icon,45/257
Captain Typho Protecting the Senator,TWI,Vigilance Icon Heroism Icon,Unit,cost Icon,"Naboo, Republic, Trooper",Uncommon Icon Uncommon Icon,46/257
Satine Kryze Committed to Peace,TWI,Vigilance Icon Heroism Icon,Unit,cost Icon,"Mandalorian, Official",Legendary Icon Legendary Icon,47/257
Obi-Wan's Aethersprite This is Why I Hate Flying,TWI,Vigilance Icon Heroism Icon,Unit,cost Icon,"Jedi, Republic, Vehicle, Fighter",Uncommon Icon Uncommon Icon,48/257
Knight of the Republic ,TWI,Vigilance Icon Heroism Icon,Unit,cost Icon,"Force, Jedi, Republic",Common Icon Common Icon,49/257
Luminara Unduli Soft-Spoken Master,TWI,Vigilance Icon Heroism Icon,Unit,cost Icon,"Force, Jedi, Republic",Rare Icon Rare Icon,50/257
For The Republic ,TWI,Vigilance Icon Heroism Icon,Upgrade,cost Icon,Republic,Rare Icon Rare Icon,51/257
Hello There ,TWI,Vigilance Icon Heroism Icon,Event,cost Icon,Trick,Uncommon Icon Uncommon Icon,52/257
Finn On the Run,TWI,Vigilance Icon Vigilance Icon,Unit,cost Icon,"Fringe, Trooper",Rare Icon Rare Icon,53/257
Duchess's Champion ,TWI,Vigilance Icon Vigilance Icon,Unit,cost Icon,Mandalorian,Uncommon Icon Uncommon Icon,54/257
Equalize ,TWI,Vigilance Icon Vigilance Icon,Event,cost Icon,Tactic,Rare Icon Rare Icon,55/257
Compassionate Senator ,TWI,Vigilance Icon,Unit,cost Icon,"Republic, Official",Uncommon Icon Uncommon Icon,56/257
Warrior Drone ,TWI,Vigilance Icon,Unit,cost Icon,Separatist,Common Icon Common Icon,57/257
Padawan Starfighter ,TWI,Vigilance Icon,Unit,cost Icon,"Jedi, Republic, Vehicle, Fighter",Common Icon Common Icon,58/257
Royal Guard Attaché ,TWI,Vigilance Icon,Unit,cost Icon,"Naboo, Trooper",Common Icon Common Icon,59/257
Trade Federation Shuttle ,TWI,Vigilance Icon,Unit,cost Icon,"Separatist, Vehicle, Transport",Common Icon Common Icon,60/257
Infantry of the 212th ,TWI,Vigilance Icon,Unit,cost Icon,"Republic, Clone, Trooper",Common Icon Common Icon,61/257
Daughter of Dathomir ,TWI,Vigilance Icon,Unit,cost Icon,"Force, Night",Common Icon Common Icon,62/257
Vulture Interceptor Wing ,TWI,Vigilance Icon,Unit,cost Icon,"Separatist, Droid, Vehicle, Fighter",Uncommon Icon Uncommon Icon,63/257
Ki-Adi-Mundi Composed and Confident,TWI,Vigilance Icon,Unit,cost Icon,"Force, Jedi, Republic",Legendary Icon Legendary Icon,64/257
Falchion Ion Tank ,TWI,Vigilance Icon,Unit,cost Icon,"Republic, Vehicle, Tank",Common Icon Common Icon,65/257
Multi-Troop Transport ,TWI,Vigilance Icon,Unit,cost Icon,"Separatist, Vehicle, Tank",Common Icon Common Icon,66/257
The Zillo Beast Awoken From The Depths,TWI,Vigilance Icon,Unit,cost Icon,Creature,Rare Icon Rare Icon,67/257
Foresight ,TWI,Vigilance Icon,Upgrade,cost Icon,Learned,Rare Icon Rare Icon,68/257
Roger Roger ,TWI,Vigilance Icon,Upgrade,cost Icon,Learned,Rare Icon Rare Icon,69/257
Perilous Position ,TWI,Vigilance Icon,Upgrade,cost Icon,Condition,Common Icon Common Icon,70/257
Unshakeable Will ,TWI,Vigilance Icon,Upgrade,cost Icon,Innate,Uncommon Icon Uncommon Icon,71/257
I Have the High Ground ,TWI,Vigilance Icon,Event,cost Icon,Tactic,Rare Icon Rare Icon,72/257
Grievous Reassembly ,TWI,Vigilance Icon,Event,cost Icon,Supply,Common Icon Common Icon,73/257
Guarding the Way ,TWI,Vigilance Icon,Event,cost Icon,Tactic,Common Icon Common Icon,74/257
Disruptive Burst ,TWI,Vigilance Icon,Event,cost Icon,Tactic,Uncommon Icon Uncommon Icon,75/257
Death by Droids ,TWI,Vigilance Icon,Event,cost Icon,Tactic,Uncommon Icon Uncommon Icon,76/257
Vanquish ,TWI,Vigilance Icon,Event,cost Icon,Tactic,Common Icon Common Icon,77/257
The Invasion of Christophsis ,TWI,Vigilance Icon,Event,cost Icon,"Separatist, Plan",Legendary Icon Legendary Icon,78/257
Confederate Courier ,TWI,Villainy Icon Command Icon,Unit,cost Icon,"Separatist, Vehicle, Fighter",Common Icon Common Icon,79/257
Poggle the Lesser Archduke of the Stalgasin Hive,TWI,Command Icon Villainy Icon,Unit,cost Icon,"Separatist, Official",Rare Icon Rare Icon,80/257
Droid Commando ,TWI,Villainy Icon Command Icon,Unit,cost Icon,"Separatist, Droid, Trooper",Common Icon Common Icon,81/257
MagnaGuard Wing Leader ,TWI,Command Icon Villainy Icon,Unit,cost Icon,"Separatist, Vehicle, Fighter",Uncommon Icon Uncommon Icon,82/257
General's Guardian ,TWI,Command Icon Villainy Icon,Unit,cost Icon,"Separatist, Droid",Special Icon Special Icon,83/257
Kraken Confederate Tactician,TWI,Command Icon Villainy Icon,Unit,cost Icon,"Separatist, Droid",Uncommon Icon Uncommon Icon,84/257
Kalani Analytical General,TWI,Command Icon Villainy Icon,Unit,cost Icon,"Separatist, Droid",Rare Icon Rare Icon,85/257
Admiral Trench Holding the Line,TWI,Villainy Icon Command Icon,Unit,cost Icon,"Separatist, Official",Uncommon Icon Uncommon Icon,86/257
Separatist Super Tank ,TWI,Command Icon Villainy Icon,Unit,cost Icon,"Separatist, Vehicle, Tank",Common Icon Common Icon,87/257
Reprocess ,TWI,Villainy Icon Command Icon,Event,cost Icon,Supply,Uncommon Icon Uncommon Icon,88/257
Consolidation of Power ,TWI,Command Icon Villainy Icon,Event,cost Icon,Plan,Rare Icon Rare Icon,89/257
Echo Valiant ARC Trooper,TWI,Command Icon Heroism Icon,Unit,cost Icon,"Republic, Clone, Trooper",Uncommon Icon Uncommon Icon,90/257
Republic Tactical Officer ,TWI,Command Icon Heroism Icon,Unit,cost Icon,"Republic, Clone",Common Icon Common Icon,91/257
Admiral Yularen Advising Caution,TWI,Command Icon Heroism Icon,Unit,cost Icon,"Republic, Official",Rare Icon Rare Icon,92/257
Advanced Recon Commando ,TWI,Command Icon Heroism Icon,Unit,cost Icon,"Republic, Clone, Trooper",Common Icon Common Icon,93/257
Shaak Ti Unity Wins Wars,TWI,Command Icon Heroism Icon,Unit,cost Icon,"Force, Jedi, Republic",Uncommon Icon Uncommon Icon,94/257
Pelta Supply Frigate ,TWI,Command Icon Heroism Icon,Unit,cost Icon,"Republic, Vehicle, Capital Ship",Common Icon Common Icon,95/257
Aayla Secura Master of the Blade,TWI,Command Icon Heroism Icon,Unit,cost Icon,"Force, Jedi, Republic",Legendary Icon Legendary Icon,96/257
Captain Rex Lead by Example,TWI,Command Icon Heroism Icon,Unit,cost Icon,"Republic, Clone, Trooper",Special Icon Special Icon,97/257
Republic Defense Carrier ,TWI,Command Icon Heroism Icon,Unit,cost Icon,"Republic, Vehicle, Capital Ship",Uncommon Icon Uncommon Icon,98/257
Synchronized Strike ,TWI,Command Icon Heroism Icon,Event,cost Icon,Tactic,Uncommon Icon Uncommon Icon,99/257
Petition the Senate ,TWI,Command Icon Heroism Icon,Event,cost Icon,Tactic,Rare Icon Rare Icon,100/257
Mas Amedda Vice Chair,TWI,Command Icon Command Icon,Unit,cost Icon,"Republic, Official",Rare Icon Rare Icon,101/257
Manufactured Soldiers ,TWI,Command Icon Command Icon,Event,cost Icon,Supply,Uncommon Icon Uncommon Icon,102/257
Pyrrhic Assault ,TWI,Command Icon Command Icon,Event,cost Icon,Disaster,Legendary Icon Legendary Icon,103/257
Obedient Vanguard ,TWI,Command Icon,Unit,cost Icon,"Separatist, Droid, Trooper",Common Icon Common Icon,104/257
Steadfast Senator ,TWI,Command Icon,Unit,cost Icon,"Republic, Official",Uncommon Icon Uncommon Icon,105/257
Coruscant Guard ,TWI,Command Icon,Unit,cost Icon,"Republic, Clone, Trooper",Common Icon Common Icon,106/257
Patrolling V-Wing ,TWI,Command Icon,Unit,cost Icon,"Vehicle, Fighter",Special Icon Special Icon,107/257
Ryloth Militia ,TWI,Command Icon,Unit,cost Icon,"Twi'lek, Trooper",Common Icon Common Icon,108/257
501st Liberator ,TWI,Command Icon,Unit,cost Icon,"Republic, Clone, Trooper",Common Icon Common Icon,109/257
Huyang Enduring Instructor,TWI,Command Icon,Unit,cost Icon,"Jedi, Droid",Rare Icon Rare Icon,110/257
Republic ARC-170 ,TWI,Command Icon,Unit,cost Icon,"Republic, Vehicle, Fighter",Common Icon Common Icon,111/257
Subjugating Starfighter ,TWI,Command Icon,Unit,cost Icon,"Separatist, Vehicle, Fighter",Common Icon Common Icon,112/257
B2 Legionnaires ,TWI,Command Icon,Unit,cost Icon,"Separatist, Droid, Trooper",Common Icon Common Icon,113/257
Clone Commander Cody Commanding the 212th,TWI,Command Icon,Unit,cost Icon,"Republic, Clone, Trooper",Uncommon Icon Uncommon Icon,114/257
Osi Sobeck Warden of the Citadel,TWI,Command Icon,Unit,cost Icon,Separatist,Uncommon Icon Uncommon Icon,115/257
Clone ,TWI,Command Icon,Unit,cost Icon,Clone,Legendary Icon Legendary Icon,116/257
Baktoid Spider Droid ,TWI,Command Icon,Unit,cost Icon,"Separatist, Droid, Walker",Common Icon Common Icon,117/257
Gor Grievous's Pet,TWI,Command Icon,Unit,cost Icon,"Separatist, Creature",Legendary Icon Legendary Icon,118/257
Nameless Valor ,TWI,Command Icon,Upgrade,cost Icon,Learned,Uncommon Icon Uncommon Icon,119/257
Strategic Acumen ,TWI,Command Icon,Upgrade,cost Icon,Learned,Common Icon Common Icon,120/257
General's Blade ,TWI,Command Icon,Upgrade,cost Icon,"Item, Weapon, Lightsaber",Rare Icon Rare Icon,121/257
Squad Support ,TWI,Command Icon,Upgrade,cost Icon,Learned,Uncommon Icon Uncommon Icon,122/257
Outflank ,TWI,Command Icon,Event,cost Icon,Tactic,Special Icon Special Icon,123/257
Tactical Advantage ,TWI,Command Icon,Event,cost Icon,Tactic,Special Icon Special Icon,124/257
The Clone Wars ,TWI,Command Icon,Event,cost Icon,Disaster,Rare Icon Rare Icon,125/257
Encouraging Leadership ,TWI,Command Icon,Event,cost Icon,Learned,Common Icon Common Icon,126/257
Resupply ,TWI,Command Icon,Event,cost Icon,Supply,Common Icon Common Icon,127/257
Take Captive ,TWI,Command Icon,Event,cost Icon,Tactic,Common Icon Common Icon,128/257
In Defense of Kamino ,TWI,Command Icon,Event,cost Icon,Republic,Rare Icon Rare Icon,129/257
Bo-Katan Kryze Death Watch Lieutenant,TWI,Aggression Icon Villainy Icon,Unit,cost Icon,"Mandalorian, Trooper",Rare Icon Rare Icon,130/257
OOM-Series Officer ,TWI,Aggression Icon Villainy Icon,Unit,cost Icon,"Separatist, Droid",Common Icon Common Icon,131/257
Confederate Tri-Fighter ,TWI,Aggression Icon Villainy Icon,Unit,cost Icon,"Separatist, Droid, Vehicle, Fighter",Uncommon Icon Uncommon Icon,132/257
B1 Attack Platform ,TWI,Aggression Icon Villainy Icon,Unit,cost Icon,"Separatist, Droid, Trooper",Common Icon Common Icon,133/257
Asajj Ventress Count Dooku's Assassin,TWI,Aggression Icon Villainy Icon,Unit,cost Icon,"Force, Separatist, Sith",Uncommon Icon Uncommon Icon,134/257
Darth Maul Revenge At Last,TWI,Aggression Icon Villainy Icon,Unit,cost Icon,"Force, Sith",Legendary Icon Legendary Icon,135/257
Squadron of Vultures ,TWI,Aggression Icon Villainy Icon,Unit,cost Icon,"Separatist, Droid, Vehicle, Fighter",Common Icon Common Icon,136/257
Savage Opress Monster,TWI,Aggression Icon Villainy Icon,Unit,cost Icon,"Force, Night, Underworld",Uncommon Icon Uncommon Icon,137/257
Count Dooku Fallen Jedi,TWI,Aggression Icon Villainy Icon,Unit,cost Icon,"Force, Separatist, Sith",Rare Icon Rare Icon,138/257
Corner the Prey ,TWI,Aggression Icon Villainy Icon,Event,cost Icon,Tactic,Rare Icon Rare Icon,139/257
Self-Destruct ,TWI,Aggression Icon Villainy Icon,Event,cost Icon,Tactic,Uncommon Icon Uncommon Icon,140/257
Soldier of the 501st ,TWI,Aggression Icon Heroism Icon,Unit,cost Icon,"Republic, Clone, Trooper",Common Icon Common Icon,141/257
Anakin's Interceptor Where the Fun Begins,TWI,Aggression Icon Heroism Icon,Unit,cost Icon,"Jedi, Republic, Vehicle, Fighter",Uncommon Icon Uncommon Icon,142/257
Jyn Erso Stardust,TWI,Aggression Icon Heroism Icon,Unit,cost Icon,Rebel,Rare Icon Rare Icon,143/257
Batch Brothers ,TWI,Aggression Icon Heroism Icon,Unit,cost Icon,"Republic, Clone, Trooper",Common Icon Common Icon,144/257
Jesse Hard-Fighting Patriot,TWI,Aggression Icon Heroism Icon,Unit,cost Icon,"Republic, Clone, Trooper",Uncommon Icon Uncommon Icon,145/257
Steela Gerrera Beloved Tactician,TWI,Aggression Icon Heroism Icon,Unit,cost Icon,Fringe,Rare Icon Rare Icon,146/257
Anakin Skywalker Maverick Mentor,TWI,Aggression Icon Heroism Icon,Unit,cost Icon,"Force, Jedi, Republic",Special Icon Special Icon,147/257
Senatorial Corvette ,TWI,Aggression Icon Heroism Icon,Unit,cost Icon,"Republic, Vehicle, Capital Ship",Common Icon Common Icon,148/257
Low Altitude Gunship ,TWI,Aggression Icon Heroism Icon,Unit,cost Icon,"Republic, Vehicle, Transport",Uncommon Icon Uncommon Icon,149/257
Saw Gerrera Resistance is Not Terrorism,TWI,Aggression Icon Heroism Icon,Unit,cost Icon,"Fringe, Trooper",Rare Icon Rare Icon,150/257
Resolute Under Anakin's Command,TWI,Aggression Icon Heroism Icon,Unit,cost Icon,"Republic, Vehicle, Capital Ship",Legendary Icon Legendary Icon,151/257
Mace Windu's Lightsaber ,TWI,Aggression Icon Heroism Icon,Upgrade,cost Icon,"Item, Weapon, Lightsaber",Rare Icon Rare Icon,152/257
Bold Resistance ,TWI,Aggression Icon Heroism Icon,Event,cost Icon,Tactic,Uncommon Icon Uncommon Icon,153/257
Mister Bones I Performed Violence,TWI,Aggression Icon Aggression Icon,Unit,cost Icon,"Fringe, Droid",Rare Icon Rare Icon,154/257
Twice the Pride ,TWI,Aggression Icon Aggression Icon,Upgrade,cost Icon,Innate,Uncommon Icon Uncommon Icon,155/257
Unlimited Power ,TWI,Aggression Icon Aggression Icon,Event,cost Icon,Force,Legendary Icon Legendary Icon,156/257
Disaffected Senator ,TWI,Aggression Icon,Unit,cost Icon,"Separatist, Official",Uncommon Icon Uncommon Icon,157/257
Clone Heavy Gunner ,TWI,Aggression Icon,Unit,cost Icon,"Republic, Clone, Trooper",Common Icon Common Icon,158/257
Dendup's Loyalist ,TWI,Aggression Icon,Unit,cost Icon,"Fringe, Trooper",Common Icon Common Icon,159/257
Vanguard Droid Bomber ,TWI,Aggression Icon,Unit,cost Icon,"Separatist, Droid, Vehicle, Fighter",Common Icon Common Icon,160/257
Bold Recon Commando ,TWI,Aggression Icon,Unit,cost Icon,"Republic, Clone, Trooper",Common Icon Common Icon,161/257
Reckless Torrent ,TWI,Aggression Icon,Unit,cost Icon,"Republic, Vehicle, Fighter",Common Icon Common Icon,162/257
Relentless Rocket Droid ,TWI,Aggression Icon,Unit,cost Icon,"Separatist, Droid, Trooper",Common Icon Common Icon,163/257
Hevy Staunch Martyr,TWI,Aggression Icon,Unit,cost Icon,"Republic, Clone, Trooper",Uncommon Icon Uncommon Icon,164/257
Kit Fisto The Smiling Jedi,TWI,Aggression Icon,Unit,cost Icon,"Force, Jedi, Republic",Rare Icon Rare Icon,165/257
Aurra Sing Crackshot Sniper,TWI,Aggression Icon,Unit,cost Icon,"Underworld, Bounty Hunter",Uncommon Icon Uncommon Icon,166/257
Heavy Persuader Tank ,TWI,Aggression Icon,Unit,cost Icon,"Separatist, Droid, Vehicle, Tank",Common Icon Common Icon,167/257
Old Access Codes ,TWI,Aggression Icon,Upgrade,cost Icon,Item,Common Icon Common Icon,168/257
Clone Cohort ,TWI,Aggression Icon,Upgrade,cost Icon,Supply,Uncommon Icon Uncommon Icon,169/257
Daring Raid ,TWI,Aggression Icon,Event,cost Icon,Tactic,Common Icon Common Icon,170/257
Grenade Strike ,TWI,Aggression Icon,Event,cost Icon,Tactic,Common Icon Common Icon,171/257
Grim Resolve ,TWI,Aggression Icon,Event,cost Icon,Tactic,Common Icon Common Icon,172/257
Blood Sport ,TWI,Aggression Icon,Event,cost Icon,Fringe,Uncommon Icon Uncommon Icon,173/257
Open Fire ,TWI,Aggression Icon,Event,cost Icon,Tactic,Special Icon Special Icon,174/257
Strategic Analysis ,TWI,Aggression Icon,Event,cost Icon,Plan,Common Icon Common Icon,175/257
Caught in the Crossfire ,TWI,Aggression Icon,Event,cost Icon,Disaster,Rare Icon Rare Icon,176/257
Guerilla Insurgency ,TWI,Aggression Icon,Event,cost Icon,Tactic,Rare Icon Rare Icon,177/257
Planetary Invasion ,TWI,Aggression Icon,Event,cost Icon,"Separatist, Plan",Legendary Icon Legendary Icon,178/257
Soulless One Customized for Grievous,TWI,Cunning Icon Villainy Icon,Unit,cost Icon,"Separatist, Vehicle, Fighter",Uncommon Icon Uncommon Icon,179/257
Separatist Commando ,TWI,Cunning Icon Villainy Icon,Unit,cost Icon,"Separatist, Droid, Trooper",Special Icon Special Icon,180/257
Elite P-38 Starfighter ,TWI,Villainy Icon Cunning Icon,Unit,cost Icon,"Separatist, Vehicle, Fighter",Common Icon Common Icon,181/257
Infiltrating Demolisher ,TWI,Villainy Icon Cunning Icon,Unit,cost Icon,"Separatist, Droid",Common Icon Common Icon,182/257
Rush Clovis Banking Clan Scion,TWI,Cunning Icon Villainy Icon,Unit,cost Icon,"Separatist, Official",Rare Icon Rare Icon,183/257
Tactical Droid Commander ,TWI,Cunning Icon Villainy Icon,Unit,cost Icon,"Separatist, Droid",Uncommon Icon Uncommon Icon,184/257
Ziro the Hutt Colorful Schemer,TWI,Cunning Icon Villainy Icon,Unit,cost Icon,"Underworld, Hutt",Uncommon Icon Uncommon Icon,185/257
San Hill Chairman of the Banking Clan,TWI,Cunning Icon Villainy Icon,Unit,cost Icon,"Separatist, Official",Rare Icon Rare Icon,186/257
Cad Bane Hostage Taker,TWI,Villainy Icon Cunning Icon,Unit,cost Icon,"Underworld, Bounty Hunter",Legendary Icon Legendary Icon,187/257
Wartime Profiteering ,TWI,Cunning Icon Villainy Icon,Event,cost Icon,Supply,Uncommon Icon Uncommon Icon,188/257
Unnatural Life ,TWI,Cunning Icon Villainy Icon,Event,cost Icon,Force,Rare Icon Rare Icon,189/257
On the Doorstep ,TWI,Cunning Icon Villainy Icon,Event,cost Icon,Supply,Common Icon Common Icon,190/257
Wolf Pack Escort ,TWI,Cunning Icon Heroism Icon,Unit,cost Icon,"Republic, Vehicle, Fighter",Common Icon Common Icon,191/257
Padmé Amidala Pursuing Peace,TWI,Cunning Icon Heroism Icon,Unit,cost Icon,"Naboo, Republic, Official",Uncommon Icon Uncommon Icon,192/257
R2-D2 Full of Solutions,TWI,Cunning Icon Heroism Icon,Unit,cost Icon,"Republic, Droid",Uncommon Icon Uncommon Icon,193/257
Ahsoka Tano Always Ready For Trouble,TWI,Cunning Icon Heroism Icon,Unit,cost Icon,"Force, Jedi, Republic",Legendary Icon Legendary Icon,194/257
Sabine Wren You Can Count On Me,TWI,Cunning Icon Heroism Icon,Unit,cost Icon,"Fringe, Mandalorian, Spectre",Rare Icon Rare Icon,195/257
Plo Koon Koh-to-yah!,TWI,Cunning Icon Heroism Icon,Unit,cost Icon,"Force, Jedi, Republic",Uncommon Icon Uncommon Icon,196/257
Republic Attack Pod ,TWI,Cunning Icon Heroism Icon,Unit,cost Icon,"Republic, Vehicle, Walker",Common Icon Common Icon,197/257
Enfys Nest Champion of Justice,TWI,Cunning Icon Heroism Icon,Unit,cost Icon,Underworld,Rare Icon Rare Icon,198/257
Clear the Field ,TWI,Cunning Icon Heroism Icon,Event,cost Icon,Tactic,Uncommon Icon Uncommon Icon,199/257
Creative Thinking ,TWI,Cunning Icon Heroism Icon,Event,cost Icon,Trick,Common Icon Common Icon,200/257
Aid from the Innocent ,TWI,Cunning Icon Heroism Icon,Event,cost Icon,Gambit,Rare Icon Rare Icon,201/257
Jar Jar Binks Foolish Gungan,TWI,Cunning Icon Cunning Icon,Unit,cost Icon,—,Uncommon Icon Uncommon Icon,202/257
Chancellor Palpatine Wartime Chancellor,TWI,Cunning Icon Cunning Icon,Unit,cost Icon,"Republic, Official",Legendary Icon Legendary Icon,203/257
Impropriety Among Thieves ,TWI,Cunning Icon Cunning Icon,Event,cost Icon,Trick,Rare Icon Rare Icon,204/257
Clone Dive Trooper ,TWI,Cunning Icon,Unit,cost Icon,"Republic, Clone, Trooper",Common Icon Common Icon,205/257
Independent Senator ,TWI,Cunning Icon,Unit,cost Icon,"Separatist, Official",Uncommon Icon Uncommon Icon,206/257
B1 Security Team ,TWI,Cunning Icon,Unit,cost Icon,"Separatist, Droid, Trooper",Common Icon Common Icon,207/257
Favorable Delegate ,TWI,Cunning Icon,Unit,cost Icon,"Republic, Official",Common Icon Common Icon,208/257
Hotshot V-Wing ,TWI,Cunning Icon,Unit,cost Icon,"Republic, Vehicle, Fighter",Common Icon Common Icon,209/257
Lux Bonteri Renegade Separatist,TWI,Cunning Icon,Unit,cost Icon,Separatist,Uncommon Icon Uncommon Icon,210/257
Sly Moore Secretive Advisor,TWI,Cunning Icon,Unit,cost Icon,"Republic, Official",Rare Icon Rare Icon,211/257
Freelance Assassin ,TWI,Cunning Icon,Unit,cost Icon,Underworld,Common Icon Common Icon,212/257
Sanctioner's Shuttle ,TWI,Cunning Icon,Unit,cost Icon,"Republic, Vehicle, Transport",Uncommon Icon Uncommon Icon,213/257
Hidden Sharpshooter ,TWI,Cunning Icon,Unit,cost Icon,"Republic, Clone, Trooper",Common Icon Common Icon,214/257
Geonosis Patrol Fighter ,TWI,Cunning Icon,Unit,cost Icon,"Separatist, Vehicle, Fighter",Common Icon Common Icon,215/257
Fives In Search of Truth,TWI,Cunning Icon,Unit,cost Icon,"Republic, Clone, Trooper",Rare Icon Rare Icon,216/257
Tri-Droid Suppressor ,TWI,Cunning Icon,Unit,cost Icon,"Separatist, Droid, Vehicle, Walker",Common Icon Common Icon,217/257
Droid Cohort ,TWI,Cunning Icon,Upgrade,cost Icon,Supply,Common Icon Common Icon,218/257
On Top of Things ,TWI,Cunning Icon,Upgrade,cost Icon,Trick,Uncommon Icon Uncommon Icon,219/257
Shadowed Intentions ,TWI,Cunning Icon,Upgrade,cost Icon,Innate,Rare Icon Rare Icon,220/257
In Pursuit ,TWI,Cunning Icon,Event,cost Icon,Tactic,Common Icon Common Icon,221/257
Political Pressure ,TWI,Cunning Icon,Event,cost Icon,Plan,Common Icon Common Icon,222/257
Unmasking the Conspiracy ,TWI,Cunning Icon,Event,cost Icon,Gambit,Rare Icon Rare Icon,223/257
Breaking In ,TWI,Cunning Icon,Event,cost Icon,Tactic,Common Icon Common Icon,224/257
Now There Are Two of Them ,TWI,Cunning Icon,Event,cost Icon,Trick,Legendary Icon Legendary Icon,225/257
Waylay ,TWI,Cunning Icon,Event,cost Icon,Trick,Special Icon Special Icon,226/257
Prisoner of War ,TWI,Cunning Icon,Event,cost Icon,Tactic,Uncommon Icon Uncommon Icon,227/257
Droid Starfighter ,TWI,Villainy Icon,Unit,cost Icon,"Separatist, Droid, Vehicle, Fighter",Common Icon Common Icon,228/257
Battle Droid Escort ,TWI,Villainy Icon,Unit,cost Icon,"Separatist, Droid, Trooper",Special Icon Special Icon,229/257
Super Battle Droid ,TWI,Villainy Icon,Unit,cost Icon,"Separatist, Droid, Trooper",Common Icon Common Icon,230/257
Dwarf Spider Droid ,TWI,Villainy Icon,Unit,cost Icon,"Separatist, Droid",Common Icon Common Icon,231/257
Patrolling AAT ,TWI,Villainy Icon,Unit,cost Icon,"Separatist, Vehicle, Tank",Common Icon Common Icon,232/257
Hailfire Tank ,TWI,Villainy Icon,Unit,cost Icon,"Separatist, Droid, Vehicle, Tank",Common Icon Common Icon,233/257
The Invisible Hand Imposing Flagship,TWI,Villainy Icon,Unit,cost Icon,"Separatist, Vehicle, Capital Ship",Rare Icon Rare Icon,234/257
Battle Droid Legion ,TWI,Villainy Icon,Unit,cost Icon,"Separatist, Droid, Trooper",Uncommon Icon Uncommon Icon,235/257
Grievous's Wheel Bike ,TWI,Villainy Icon,Upgrade,cost Icon,Vehicle,Special Icon Special Icon,236/257
Droid Deployment ,TWI,Villainy Icon,Event,cost Icon,Supply,Common Icon Common Icon,237/257
Merciless Contest ,TWI,Villainy Icon,Event,cost Icon,Tactic,Common Icon Common Icon,238/257
Execute Order 66 ,TWI,Villainy Icon,Event,cost Icon,Plan,Rare Icon Rare Icon,239/257
332nd Stalwart ,TWI,Heroism Icon,Unit,cost Icon,"Republic, Clone, Trooper",Special Icon Special Icon,240/257
Phase I Clone Trooper ,TWI,Heroism Icon,Unit,cost Icon,"Republic, Clone, Trooper",Common Icon Common Icon,241/257
Phase II Clone Trooper ,TWI,Heroism Icon,Unit,cost Icon,"Republic, Clone, Trooper",Common Icon Common Icon,242/257
Republic Commando ,TWI,Heroism Icon,Unit,cost Icon,"Republic, Clone, Trooper",Common Icon Common Icon,243/257
Eta-2 Light Interceptor ,TWI,Heroism Icon,Unit,cost Icon,"Republic, Vehicle, Fighter",Common Icon Common Icon,244/257
Armored Saber Tank ,TWI,Heroism Icon,Unit,cost Icon,"Republic, Vehicle, Tank",Common Icon Common Icon,245/257
Tranquility Inspiring Flagship,TWI,Heroism Icon,Unit,cost Icon,"Republic, Vehicle, Capital Ship",Rare Icon Rare Icon,246/257
AT-TE Vanguard ,TWI,Heroism Icon,Unit,cost Icon,"Republic, Vehicle, Walker",Uncommon Icon Uncommon Icon,247/257
Ahsoka's Padawan Lightsaber ,TWI,Heroism Icon,Upgrade,cost Icon,"Item, Weapon, Lightsaber",Special Icon Special Icon,248/257
Heroes on Both Sides ,TWI,Heroism Icon,Event,cost Icon,"Republic, Separatist",Common Icon Common Icon,249/257
Sword and Shield Maneuver ,TWI,Heroism Icon,Event,cost Icon,"Jedi, Republic, Tactic",Uncommon Icon Uncommon Icon,250/257
Drop In ,TWI,Heroism Icon,Event,cost Icon,Supply,Common Icon Common Icon,251/257
Aggrieved Parliamentarian ,TWI,—,Unit,cost Icon,"Separatist, Official",Common Icon Common Icon,252/257
Headhunter Squadron ,TWI,—,Unit,cost Icon,"Republic, Vehicle, Fighter",Common Icon Common Icon,253/257
Volunteer Soldier ,TWI,—,Unit,cost Icon,Trooper,Common Icon Common Icon,254/257
Brain Invaders ,TWI,—,Unit,cost Icon,Fringe,Rare Icon Rare Icon,255/257
Hold-Out Blaster ,TWI,—,Upgrade,cost Icon,"Item, Weapon",Common Icon Common Icon,256/257
Private Manufacturing ,TWI,—,Event,cost Icon,Supply,Uncommon Icon Uncommon Icon,257/257
Hylobon Enforcer ,SHD,Villainy Icon Vigilance Icon,Unit,cost Icon,Underworld,Common Icon Common Icon,27/262
Doctor Pershing Experimenting With Life,SHD,Villainy Icon Vigilance Icon,Unit,cost Icon,Imperial,Rare Icon Rare Icon,28/262
Pyke Sentinel ,SHD,Villainy Icon Vigilance Icon,Unit,cost Icon,Underworld,Common Icon Common Icon,29/262
Death Trooper ,SHD,Villainy Icon Vigilance Icon,Unit,cost Icon,"Imperial, Trooper",Special Icon Special Icon,30/262
The Client Dictated by Discretion,SHD,Villainy Icon Vigilance Icon,Unit,cost Icon,"Imperial, Official",Uncommon Icon Uncommon Icon,31/262
Lom Pyke Dealer in Truths,SHD,Villainy Icon Vigilance Icon,Unit,cost Icon,Underworld,Rare Icon Rare Icon,32/262
Synara San Loyal to Kragan,SHD,Villainy Icon Vigilance Icon,Unit,cost Icon,Underworld,Uncommon Icon Uncommon Icon,33/262
Supercommando Squad ,SHD,Villainy Icon Vigilance Icon,Unit,cost Icon,"Imperial, Mandalorian, Trooper",Common Icon Common Icon,34/262
Clan Saxon Gauntlet ,SHD,Villainy Icon Vigilance Icon,Unit,cost Icon,"Mandalorian, Vehicle, Transport",Uncommon Icon Uncommon Icon,35/262
First Light Headquarters of the Crimson Dawn,SHD,Villainy Icon Vigilance Icon,Unit,cost Icon,"Underworld, Vehicle, Transport",Rare Icon Rare Icon,36/262
Supreme Leader Snoke Shadow Ruler,SHD,Villainy Icon Vigilance Icon,Unit,cost Icon,"Force, First Order, Official",Legendary Icon Legendary Icon,37/262
Brutal Traditions ,SHD,Villainy Icon Vigilance Icon,Upgrade,cost Icon,Learned,Uncommon Icon Uncommon Icon,38/262
Calculated Lethality ,SHD,Vigilance Icon Villainy Icon,Event,cost Icon,Tactic,Special Icon Special Icon,39/262
Clan Wren Rescuer ,SHD,Heroism Icon Vigilance Icon,Unit,cost Icon,"Mandalorian, Trooper",Common Icon Common Icon,40/262
Kuiil I Have Spoken,SHD,Heroism Icon Vigilance Icon,Unit,cost Icon,Fringe,Uncommon Icon Uncommon Icon,41/262
Concord Dawn Interceptors ,SHD,Heroism Icon Vigilance Icon,Unit,cost Icon,"Mandalorian, Vehicle, Fighter",Uncommon Icon Uncommon Icon,42/262
Village Protectors ,SHD,Heroism Icon Vigilance Icon,Unit,cost Icon,Fringe,Common Icon Common Icon,43/262
Razor Crest Reliable Gunship,SHD,Vigilance Icon Heroism Icon,Unit,cost Icon,"Mandalorian, Vehicle, Transport",Special Icon Special Icon,44/262
Rose Tico Dedicated to the Cause,SHD,Heroism Icon Vigilance Icon,Unit,cost Icon,Resistance,Uncommon Icon Uncommon Icon,45/262
Rey Keeping the Past,SHD,Heroism Icon Vigilance Icon,Unit,cost Icon,"Force, Resistance",Legendary Icon Legendary Icon,46/262
The Armorer Survival Is Strength,SHD,Heroism Icon Vigilance Icon,Unit,cost Icon,Mandalorian,Uncommon Icon Uncommon Icon,47/262
Gentle Giant ,SHD,Heroism Icon Vigilance Icon,Unit,cost Icon,Wookiee,Common Icon Common Icon,48/262
"The Mandalorian Wherever I Go, He Goes",SHD,Vigilance Icon Heroism Icon,Unit,cost Icon,"Mandalorian, Bounty Hunter",Legendary Icon Legendary Icon,49/262
Chewbacca Pykesbane,SHD,Heroism Icon Vigilance Icon,Unit,cost Icon,"Underworld, Wookiee",Rare Icon Rare Icon,50/262
Mystic Reflection ,SHD,Heroism Icon Vigilance Icon,Event,cost Icon,Force,Rare Icon Rare Icon,51/262
Sugi Hired Guardian,SHD,Vigilance Icon Vigilance Icon,Unit,cost Icon,"Underworld, Bounty Hunter",Rare Icon Rare Icon,52/262
Second Chance ,SHD,Vigilance Icon Vigilance Icon,Upgrade,cost Icon,Gambit,Legendary Icon Legendary Icon,53/262
Midnight Repairs ,SHD,Vigilance Icon Vigilance Icon,Event,cost Icon,Tactic,Uncommon Icon Uncommon Icon,54/262
Moisture Farmer ,SHD,Vigilance Icon,Unit,cost Icon,Fringe,Common Icon Common Icon,55/262
Follower of The Way ,SHD,Vigilance Icon,Unit,cost Icon,Mandalorian,Common Icon Common Icon,56/262
Rickety Quadjumper ,SHD,Vigilance Icon,Unit,cost Icon,"Fringe, Vehicle, Transport",Common Icon Common Icon,57/262
Val Loyal to the End,SHD,Vigilance Icon,Unit,cost Icon,Underworld,Rare Icon Rare Icon,58/262
Embo Stoic and Resolute,SHD,Vigilance Icon,Unit,cost Icon,"Underworld, Bounty Hunter",Uncommon Icon Uncommon Icon,59/262
HWK-290 Freighter ,SHD,Vigilance Icon,Unit,cost Icon,"Vehicle, Transport",Common Icon Common Icon,60/262
Wroshyr Tree Tender ,SHD,Vigilance Icon,Unit,cost Icon,Wookiee,Common Icon Common Icon,61/262
Niima Outpost Constables ,SHD,Vigilance Icon,Unit,cost Icon,Fringe,Common Icon Common Icon,62/262
System Patrol Craft ,SHD,Vigilance Icon,Unit,cost Icon,"Vehicle, Fighter",Special Icon Special Icon,63/262
Survivors' Gauntlet ,SHD,Vigilance Icon,Unit,cost Icon,"Mandalorian, Vehicle, Transport",Rare Icon Rare Icon,64/262
Vigilant Pursuit Craft ,SHD,Vigilance Icon,Unit,cost Icon,"Vehicle, Transport",Common Icon Common Icon,65/262
Cargo Juggernaut ,SHD,Vigilance Icon,Unit,cost Icon,"Vehicle, Tank",Common Icon Common Icon,66/262
Fenn Rau Protector of Concord Dawn,SHD,Vigilance Icon,Unit,cost Icon,Mandalorian,Uncommon Icon Uncommon Icon,67/262
Public Enemy ,SHD,Vigilance Icon,Upgrade,cost Icon,"Bounty, Condition",Common Icon Common Icon,68/262
Foundling ,SHD,Vigilance Icon,Upgrade,cost Icon,Mandalorian,Common Icon Common Icon,69/262
Resilient ,SHD,Vigilance Icon,Upgrade,cost Icon,Innate,Special Icon Special Icon,70/262
Top Target ,SHD,Vigilance Icon,Upgrade,cost Icon,"Bounty, Condition",Uncommon Icon Uncommon Icon,71/262
Imprisoned ,SHD,Vigilance Icon,Upgrade,cost Icon,"Condition, Law",Rare Icon Rare Icon,72/262
Mandalorian Armor ,SHD,Vigilance Icon,Upgrade,cost Icon,"Item, Armor",Rare Icon Rare Icon,73/262
Vambrace Grappleshot ,SHD,Vigilance Icon,Upgrade,cost Icon,"Item, Armor, Weapon",Common Icon Common Icon,74/262
Covert Strength ,SHD,Vigilance Icon,Event,cost Icon,Tactic,Common Icon Common Icon,75/262
Unexpected Escape ,SHD,Vigilance Icon,Event,cost Icon,Trick,Uncommon Icon Uncommon Icon,76/262
Evidence of the Crime ,SHD,Vigilance Icon,Event,cost Icon,Trick,Rare Icon Rare Icon,77/262
Fell the Dragon ,SHD,Vigilance Icon,Event,cost Icon,Tactic,Uncommon Icon Uncommon Icon,78/262
Rival's Fall ,SHD,Vigilance Icon,Event,cost Icon,Tactic,Common Icon Common Icon,79/262
Salacious Crumb Obnoxious Pet,SHD,Command Icon Villainy Icon,Unit,cost Icon,"Underworld, Creature",Uncommon Icon Uncommon Icon,80/262
General Tagge Concerned Commander,SHD,Command Icon Villainy Icon,Unit,cost Icon,"Imperial, Official",Special Icon Special Icon,81/262
Outland TIE Vanguard ,SHD,Command Icon Villainy Icon,Unit,cost Icon,"Imperial, Vehicle, Fighter",Common Icon Common Icon,82/262
Seasoned Shoretrooper ,SHD,Command Icon Villainy Icon,Unit,cost Icon,"Imperial, Trooper",Special Icon Special Icon,83/262
Phase-III Dark Trooper ,SHD,Command Icon Villainy Icon,Unit,cost Icon,"Imperial, Droid, Trooper",Special Icon Special Icon,84/262
Superlaser Technician ,SHD,Command Icon Villainy Icon,Unit,cost Icon,Imperial,Special Icon Special Icon,85/262
Warbird Stowaway ,SHD,Command Icon Villainy Icon,Unit,cost Icon,Underworld,Common Icon Common Icon,86/262
Crosshair Following Orders,SHD,Command Icon Villainy Icon,Unit,cost Icon,"Imperial, Clone, Trooper",Uncommon Icon Uncommon Icon,87/262
Ephant Mon Head of Security,SHD,Command Icon Villainy Icon,Unit,cost Icon,Underworld,Rare Icon Rare Icon,88/262
Pirate Battle Tank ,SHD,Villainy Icon Command Icon,Unit,cost Icon,"Underworld, Vehicle, Tank",Common Icon Common Icon,89/262
Maul Shadow Collective Visionary,SHD,Command Icon Villainy Icon,Unit,cost Icon,"Force, Underworld",Rare Icon Rare Icon,90/262
Jabba's Rancor Pateesa,SHD,Villainy Icon Command Icon,Unit,cost Icon,"Underworld, Creature",Uncommon Icon Uncommon Icon,91/262
Finalizer Might of the First Order,SHD,Villainy Icon Command Icon,Unit,cost Icon,"First Order, Vehicle, Capital Ship",Legendary Icon Legendary Icon,92/262
Remnant Reserves ,SHD,Villainy Icon Command Icon,Event,cost Icon,Supply,Uncommon Icon Uncommon Icon,93/262
Palpatine's Return ,SHD,Villainy Icon Command Icon,Event,cost Icon,"Force, Plan",Rare Icon Rare Icon,94/262
Clone Deserter ,SHD,Command Icon Heroism Icon,Unit,cost Icon,"Fringe, Clone",Common Icon Common Icon,95/262
Maz Kanata Pirate Queen,SHD,Command Icon Heroism Icon,Unit,cost Icon,Underworld,Rare Icon Rare Icon,96/262
Freetown Backup ,SHD,Command Icon Heroism Icon,Unit,cost Icon,Fringe,Uncommon Icon Uncommon Icon,97/262
Sundari Peacekeeper ,SHD,Command Icon Heroism Icon,Unit,cost Icon,"Mandalorian, Trooper",Uncommon Icon Uncommon Icon,98/262
Echo Restored,SHD,Command Icon Heroism Icon,Unit,cost Icon,"Fringe, Clone",Uncommon Icon Uncommon Icon,99/262
Modded Cohort ,SHD,Command Icon Heroism Icon,Unit,cost Icon,Underworld,Common Icon Common Icon,100/262
Adelphi Patrol Wing ,SHD,Command Icon Heroism Icon,Unit,cost Icon,"New Republic, Vehicle, Fighter",Common Icon Common Icon,101/262
The Marauder Shuttling the Bad Batch,SHD,Command Icon Heroism Icon,Unit,cost Icon,"Fringe, Vehicle, Transport",Rare Icon Rare Icon,102/262
General Rieekan Defensive Strategist,SHD,Command Icon Heroism Icon,Unit,cost Icon,"Rebel, Official",Rare Icon Rare Icon,103/262
Inspiring Mentor ,SHD,Command Icon Heroism Icon,Upgrade,cost Icon,Innate,Rare Icon Rare Icon,104/262
Spark of Hope ,SHD,Command Icon Heroism Icon,Event,cost Icon,Innate,Uncommon Icon Uncommon Icon,105/262
Rule with Respect ,SHD,Command Icon Heroism Icon,Event,cost Icon,Plan,Legendary Icon Legendary Icon,106/262
Enterprising Lackeys ,SHD,Command Icon Command Icon,Unit,cost Icon,Underworld,Rare Icon Rare Icon,107/262
Enforced Loyalty ,SHD,Command Icon Command Icon,Event,cost Icon,Law,Uncommon Icon Uncommon Icon,108/262
Endless Legions ,SHD,Command Icon Command Icon,Event,cost Icon,Supply,Legendary Icon Legendary Icon,109/262
Warzone Lieutenant ,SHD,Command Icon,Unit,cost Icon,Trooper,Common Icon Common Icon,110/262
Collections Starhopper ,SHD,Command Icon,Unit,cost Icon,"Underworld, Vehicle, Fighter",Common Icon Common Icon,111/262
Gamorrean Retainer ,SHD,Command Icon,Unit,cost Icon,Underworld,Common Icon Common Icon,112/262
Privateer Crew ,SHD,Command Icon,Unit,cost Icon,Underworld,Uncommon Icon Uncommon Icon,113/262
Scanning Officer ,SHD,Command Icon,Unit,cost Icon,"Imperial, Official",Uncommon Icon Uncommon Icon,114/262
Cobb Vanth The Marshal,SHD,Command Icon,Unit,cost Icon,"Fringe, Official",Rare Icon Rare Icon,115/262
Outlaw Corona ,SHD,Command Icon,Unit,cost Icon,"Underworld, Vehicle, Capital Ship",Common Icon Common Icon,116/262
Reputable Hunter ,SHD,Command Icon,Unit,cost Icon,Bounty Hunter,Common Icon Common Icon,117/262
Kihraxz Heavy Fighter ,SHD,Command Icon,Unit,cost Icon,"Vehicle, Fighter",Uncommon Icon Uncommon Icon,118/262
Weequay Pirate Gang ,SHD,Command Icon,Unit,cost Icon,Underworld,Common Icon Common Icon,119/262
Discerning Veteran ,SHD,Command Icon,Unit,cost Icon,Bounty Hunter,Common Icon Common Icon,120/262
Mercenary Company ,SHD,Command Icon,Unit,cost Icon,"Underworld, Trooper",Common Icon Common Icon,121/262
Arquitens Assault Cruiser ,SHD,Command Icon,Unit,cost Icon,"Vehicle, Capital Ship",Rare Icon Rare Icon,122/262
Bounty Hunter's Quarry ,SHD,Command Icon,Upgrade,cost Icon,"Bounty, Condition",Uncommon Icon Uncommon Icon,123/262
Legal Authority ,SHD,Command Icon,Upgrade,cost Icon,Law,Rare Icon Rare Icon,124/262
Price on Your Head ,SHD,Command Icon,Upgrade,cost Icon,"Bounty, Condition",Common Icon Common Icon,125/262
The Darksaber ,SHD,Command Icon,Upgrade,cost Icon,"Mandalorian, Item, Weapon",Legendary Icon Legendary Icon,126/262
Commission ,SHD,Command Icon,Event,cost Icon,Supply,Uncommon Icon Uncommon Icon,127/262
Outflank ,SHD,Command Icon,Event,cost Icon,Tactic,Common Icon Common Icon,128/262
Timely Intervention ,SHD,Command Icon,Event,cost Icon,Tactic,Common Icon Common Icon,129/262
Moment of Glory ,SHD,Command Icon,Event,cost Icon,Tactic,Common Icon Common Icon,130/262
Take Captive ,SHD,Command Icon,Event,cost Icon,Tactic,Common Icon Common Icon,131/262
Choose Sides ,SHD,Command Icon,Event,cost Icon,Plan,Rare Icon Rare Icon,132/262
Dengar The Demolisher,SHD,Villainy Icon Aggression Icon,Unit,cost Icon,"Underworld, Bounty Hunter",Uncommon Icon Uncommon Icon,133/262
Guavian Antagonizer ,SHD,Villainy Icon Aggression Icon,Unit,cost Icon,"Underworld, Trooper",Common Icon Common Icon,134/262
Kylo's TIE Silencer Ruthlessly Efficient,SHD,Villainy Icon Aggression Icon,Unit,cost Icon,"First Order, Vehicle, Fighter",Legendary Icon Legendary Icon,135/262
Death Watch Loyalist ,SHD,Villainy Icon Aggression Icon,Unit,cost Icon,"Mandalorian, Trooper",Common Icon Common Icon,136/262
Punishing One Dengar's Jumpmaster,SHD,Villainy Icon Aggression Icon,Unit,cost Icon,"Underworld, Vehicle, Transport",Uncommon Icon Uncommon Icon,137/262
Jango Fett Renowned Bounty Hunter,SHD,Villainy Icon Aggression Icon,Unit,cost Icon,"Underworld, Bounty Hunter",Rare Icon Rare Icon,138/262
Krrsantan Muscle for Hire,SHD,Villainy Icon Aggression Icon,Unit,cost Icon,"Underworld, Wookiee, Bounty Hunter",Uncommon Icon Uncommon Icon,139/262
Trandoshan Hunters ,SHD,Villainy Icon Aggression Icon,Unit,cost Icon,"Underworld, Bounty Hunter",Common Icon Common Icon,140/262
Kylo Ren Killing the Past,SHD,Villainy Icon Aggression Icon,Unit,cost Icon,"Force, First Order",Legendary Icon Legendary Icon,141/262
Pre Vizsla Power Hungry,SHD,Villainy Icon Aggression Icon,Unit,cost Icon,"Mandalorian, Trooper",Rare Icon Rare Icon,142/262
Ruthlessness ,SHD,Villainy Icon Aggression Icon,Upgrade,cost Icon,Innate,Rare Icon Rare Icon,143/262
Give In to Your Anger ,SHD,Villainy Icon Aggression Icon,Event,cost Icon,Innate,Rare Icon Rare Icon,144/262
Headhunting ,SHD,Villainy Icon Aggression Icon,Event,cost Icon,Tactic,Uncommon Icon Uncommon Icon,145/262
Heroic Renegade ,SHD,Heroism Icon Aggression Icon,Unit,cost Icon,Underworld,Common Icon Common Icon,146/262
Ketsu Onyo Old Friend,SHD,Heroism Icon Aggression Icon,Unit,cost Icon,"Mandalorian, Underworld, Bounty Hunter",Uncommon Icon Uncommon Icon,147/262
Cassian Andor Rebellions Are Built On Hope,SHD,Heroism Icon Aggression Icon,Unit,cost Icon,Rebel,Uncommon Icon Uncommon Icon,148/262
Nite Owl Skirmisher ,SHD,Heroism Icon Aggression Icon,Unit,cost Icon,"Mandalorian, Trooper",Common Icon Common Icon,149/262
Koska Reeves Loyal Nite Owl,SHD,Heroism Icon Aggression Icon,Unit,cost Icon,"Mandalorian, Trooper",Rare Icon Rare Icon,150/262
Valiant Assault Ship ,SHD,Heroism Icon Aggression Icon,Unit,cost Icon,"Fringe, Vehicle, Transport",Uncommon Icon Uncommon Icon,151/262
Desperado Freighter ,SHD,Heroism Icon Aggression Icon,Unit,cost Icon,"Underworld, Vehicle, Transport",Common Icon Common Icon,152/262
Poe Dameron Quick to Improvise,SHD,Aggression Icon Heroism Icon,Unit,cost Icon,Resistance,Legendary Icon Legendary Icon,153/262
Wrecker Boom!,SHD,Heroism Icon Aggression Icon,Unit,cost Icon,"Fringe, Clone",Rare Icon Rare Icon,154/262
Heroic Resolve ,SHD,Heroism Icon Aggression Icon,Upgrade,cost Icon,Innate,Rare Icon Rare Icon,155/262
Cripple Authority ,SHD,Heroism Icon Aggression Icon,Event,cost Icon,Trick,Uncommon Icon Uncommon Icon,156/262
Bo-Katan Kryze Fighting For Mandalore,SHD,Aggression Icon Aggression Icon,Unit,cost Icon,"Mandalorian, Trooper",Uncommon Icon Uncommon Icon,157/262
Wild Rancor ,SHD,Aggression Icon Aggression Icon,Unit,cost Icon,Creature,Rare Icon Rare Icon,158/262
The Chaos of War ,SHD,Aggression Icon Aggression Icon,Event,cost Icon,Plan,Rare Icon Rare Icon,159/262
Reckless Gunslinger ,SHD,Aggression Icon,Unit,cost Icon,Underworld,Common Icon Common Icon,160/262
Stolen Landspeeder ,SHD,Aggression Icon,Unit,cost Icon,"Underworld, Vehicle, Speeder",Rare Icon Rare Icon,161/262
House Kast Soldier ,SHD,Aggression Icon,Unit,cost Icon,"Mandalorian, Trooper",Common Icon Common Icon,162/262
Migs Mayfeld Triggerman,SHD,Aggression Icon,Unit,cost Icon,Underworld,Rare Icon Rare Icon,163/262
Rhokai Gunship ,SHD,Aggression Icon,Unit,cost Icon,"Underworld, Vehicle, Fighter",Common Icon Common Icon,164/262
Unlicensed Headhunter ,SHD,Aggression Icon,Unit,cost Icon,"Underworld, Vehicle, Fighter",Uncommon Icon Uncommon Icon,165/262
Disabling Fang Fighter ,SHD,Aggression Icon,Unit,cost Icon,"Mandalorian, Vehicle, Fighter",Common Icon Common Icon,166/262
Wanted Insurgents ,SHD,Aggression Icon,Unit,cost Icon,Rebel,Common Icon Common Icon,167/262
Hunting Nexu ,SHD,Aggression Icon,Unit,cost Icon,Creature,Common Icon Common Icon,168/262
Clan Challengers ,SHD,Aggression Icon,Unit,cost Icon,"Mandalorian, Trooper",Common Icon Common Icon,169/262
IG-11 I Cannot Be Captured,SHD,Aggression Icon,Unit,cost Icon,"Droid, Bounty Hunter",Uncommon Icon Uncommon Icon,170/262
Covetous Rivals ,SHD,Aggression Icon,Unit,cost Icon,Bounty Hunter,Common Icon Common Icon,171/262
Krayt Dragon ,SHD,Aggression Icon,Unit,cost Icon,Creature,Legendary Icon Legendary Icon,172/262
Guild Target ,SHD,Aggression Icon,Upgrade,cost Icon,"Bounty, Condition",Uncommon Icon Uncommon Icon,173/262
Hotshot DL-44 Blaster ,SHD,Aggression Icon,Upgrade,cost Icon,"Item, Weapon",Rare Icon Rare Icon,174/262
Armed to the Teeth ,SHD,Aggression Icon,Upgrade,cost Icon,"Supply, Weapon",Uncommon Icon Uncommon Icon,175/262
Death Mark ,SHD,Aggression Icon,Upgrade,cost Icon,"Bounty, Condition",Common Icon Common Icon,176/262
Vambrace Flamethrower ,SHD,Aggression Icon,Upgrade,cost Icon,"Item, Armor, Weapon",Rare Icon Rare Icon,177/262
Daring Raid ,SHD,Aggression Icon,Event,cost Icon,Tactic,Common Icon Common Icon,178/262
Desperate Attack ,SHD,Aggression Icon,Event,cost Icon,Tactic,Common Icon Common Icon,179/262
Detention Block Rescue ,SHD,Aggression Icon,Event,cost Icon,Gambit,Common Icon Common Icon,180/262
Pillage ,SHD,Aggression Icon,Event,cost Icon,Tactic,Common Icon Common Icon,181/262
Bravado ,SHD,Aggression Icon,Event,cost Icon,Innate,Uncommon Icon Uncommon Icon,182/262
Kintan Intimidator ,SHD,Villainy Icon Cunning Icon,Unit,cost Icon,Underworld,Common Icon Common Icon,183/262
Bazine Netal Spy for the First Order,SHD,Cunning Icon Villainy Icon,Unit,cost Icon,Underworld,Rare Icon Rare Icon,184/262
Doctor Evazan Wanted on Twelve Systems,SHD,Villainy Icon Cunning Icon,Unit,cost Icon,Underworld,Rare Icon Rare Icon,185/262
Hunter of the Haxion Brood ,SHD,Villainy Icon Cunning Icon,Unit,cost Icon,"Underworld, Bounty Hunter",Common Icon Common Icon,186/262
Lurking TIE Phantom ,SHD,Villainy Icon Cunning Icon,Unit,cost Icon,"Imperial, Vehicle, Fighter",Uncommon Icon Uncommon Icon,187/262
4-LOM Bounty Hunter for Hire,SHD,Cunning Icon Villainy Icon,Unit,cost Icon,"Underworld, Droid, Bounty Hunter",Uncommon Icon Uncommon Icon,188/262
Slaver's Freighter ,SHD,Villainy Icon Cunning Icon,Unit,cost Icon,"Underworld, Vehicle, Transport",Common Icon Common Icon,189/262
Zuckuss Bounty Hunter for Hire,SHD,Cunning Icon Villainy Icon,Unit,cost Icon,"Underworld, Bounty Hunter",Uncommon Icon Uncommon Icon,190/262
Xanadu Blood Cad Bane's Reward,SHD,Cunning Icon Villainy Icon,Unit,cost Icon,"Underworld, Vehicle, Fighter",Rare Icon Rare Icon,191/262
Dryden Vos Offering No Escape,SHD,Cunning Icon Villainy Icon,Unit,cost Icon,Underworld,Legendary Icon Legendary Icon,192/262
Frozen in Carbonite ,SHD,Villainy Icon Cunning Icon,Upgrade,cost Icon,Condition,Uncommon Icon Uncommon Icon,193/262
Triple Dark Raid ,SHD,Villainy Icon Cunning Icon,Event,cost Icon,Tactic,Rare Icon Rare Icon,194/262
Cartel Turncoat ,SHD,Cunning Icon Heroism Icon,Unit,cost Icon,"Underworld, Vehicle, Fighter",Common Icon Common Icon,195/262
Grogu Irresistible,SHD,Cunning Icon Heroism Icon,Unit,cost Icon,Force,Special Icon Special Icon,196/262
L3-37 Droid Revolutionary,SHD,Cunning Icon Heroism Icon,Unit,cost Icon,"Underworld, Droid",Uncommon Icon Uncommon Icon,197/262
Omega Part of the Squad,SHD,Cunning Icon Heroism Icon,Unit,cost Icon,"Fringe, Clone",Rare Icon Rare Icon,198/262
Coruscant Dissident ,SHD,Cunning Icon Heroism Icon,Unit,cost Icon,"Underworld, Twi'lek",Uncommon Icon Uncommon Icon,199/262
Liberated Slaves ,SHD,Cunning Icon Heroism Icon,Unit,cost Icon,"Fringe, Droid, Twi'lek, Wookiee",Common Icon Common Icon,200/262
Principled Outlaw ,SHD,Cunning Icon Heroism Icon,Unit,cost Icon,Underworld,Common Icon Common Icon,201/262
Qi'ra Playing Her Part,SHD,Cunning Icon Heroism Icon,Unit,cost Icon,Underworld,Rare Icon Rare Icon,202/262
Zorii Bliss Valiant Smuggler,SHD,Cunning Icon Heroism Icon,Unit,cost Icon,Underworld,Rare Icon Rare Icon,203/262
Millennium Falcon Lando's Pride,SHD,Cunning Icon Heroism Icon,Unit,cost Icon,"Underworld, Vehicle, Transport",Uncommon Icon Uncommon Icon,204/262
Let the Wookiee Win ,SHD,Cunning Icon Heroism Icon,Event,cost Icon,Trick,Rare Icon Rare Icon,205/262
Spare the Target ,SHD,Cunning Icon Heroism Icon,Event,cost Icon,Tactic,Uncommon Icon Uncommon Icon,206/262
A New Adventure ,SHD,Cunning Icon Cunning Icon,Event,cost Icon,Gambit,Uncommon Icon Uncommon Icon,207/262
Final Showdown ,SHD,Cunning Icon Cunning Icon,Event,cost Icon,Gambit,Legendary Icon Legendary Icon,208/262
Criminal Muscle ,SHD,Cunning Icon,Unit,cost Icon,Underworld,Common Icon Common Icon,209/262
Cloud-Rider ,SHD,Cunning Icon,Unit,cost Icon,Underworld,Common Icon Common Icon,210/262
Fugitive Wookiee ,SHD,Cunning Icon,Unit,cost Icon,Wookiee,Common Icon Common Icon,211/262
Privateer Scyk ,SHD,Cunning Icon,Unit,cost Icon,"Fringe, Vehicle, Fighter",Common Icon Common Icon,212/262
DJ Blatant Thief,SHD,Cunning Icon,Unit,cost Icon,Underworld,Legendary Icon Legendary Icon,213/262
Frontier Trader ,SHD,Cunning Icon,Unit,cost Icon,"Fringe, Jawa",Common Icon Common Icon,214/262
Smuggler's Starfighter ,SHD,Cunning Icon,Unit,cost Icon,"Underworld, Vehicle, Transport",Common Icon Common Icon,215/262
Chain Code Collector ,SHD,Cunning Icon,Unit,cost Icon,"Underworld, Bounty Hunter",Common Icon Common Icon,216/262
Tobias Beckett I Trust No One,SHD,Cunning Icon,Unit,cost Icon,Underworld,Rare Icon Rare Icon,217/262
Resourceful Pursuers ,SHD,Cunning Icon,Unit,cost Icon,Bounty Hunter,Common Icon Common Icon,218/262
Enfys Nest Marauder,SHD,Cunning Icon,Unit,cost Icon,Underworld,Uncommon Icon Uncommon Icon,219/262
Fennec Shand Loyal Sharpshooter,SHD,Cunning Icon,Unit,cost Icon,Underworld,Uncommon Icon Uncommon Icon,220/262
Wanted ,SHD,Cunning Icon,Upgrade,cost Icon,"Bounty, Condition",Common Icon Common Icon,221/262
Enticing Reward ,SHD,Cunning Icon,Upgrade,cost Icon,"Bounty, Condition",Uncommon Icon Uncommon Icon,222/262
Snapshot Reflexes ,SHD,Cunning Icon,Upgrade,cost Icon,Learned,Special Icon Special Icon,223/262
Boba Fett's Armor ,SHD,Cunning Icon,Upgrade,cost Icon,"Item, Armor",Rare Icon Rare Icon,224/262
Jetpack ,SHD,Cunning Icon,Upgrade,cost Icon,"Item, Armor",Uncommon Icon Uncommon Icon,225/262
Unrefusable Offer ,SHD,Cunning Icon,Upgrade,cost Icon,"Bounty, Condition",Rare Icon Rare Icon,226/262
Look the Other Way ,SHD,Cunning Icon,Event,cost Icon,Trick,Common Icon Common Icon,227/262
Bounty Posting ,SHD,Cunning Icon,Event,cost Icon,Plan,Uncommon Icon Uncommon Icon,228/262
Ma Klounkee ,SHD,Cunning Icon,Event,cost Icon,"Underworld, Trick",Common Icon Common Icon,229/262
Swoop Down ,SHD,Cunning Icon,Event,cost Icon,Tactic,Rare Icon Rare Icon,230/262
Surprise Strike ,SHD,Cunning Icon,Event,cost Icon,Tactic,Common Icon Common Icon,231/262
Relentless Pursuit ,SHD,Cunning Icon,Event,cost Icon,Tactic,Common Icon Common Icon,232/262
Evacuate ,SHD,Cunning Icon,Event,cost Icon,Tactic,Legendary Icon Legendary Icon,233/262
Incinerator Trooper ,SHD,Villainy Icon,Unit,cost Icon,"Imperial, Trooper",Special Icon Special Icon,234/262
Ruthless Assassin ,SHD,Villainy Icon,Unit,cost Icon,"Underworld, Bounty Hunter",Common Icon Common Icon,235/262
Snowtrooper Lieutenant ,SHD,Villainy Icon,Unit,cost Icon,"Imperial, Trooper",Special Icon Special Icon,236/262
Black Sun Starfighter ,SHD,Villainy Icon,Unit,cost Icon,"Underworld, Vehicle, Fighter",Common Icon Common Icon,237/262
Cell Block Guard ,SHD,Villainy Icon,Unit,cost Icon,"Imperial, Trooper",Special Icon Special Icon,238/262
Toro Calican Ambitious Upstart,SHD,Villainy Icon,Unit,cost Icon,Bounty Hunter,Uncommon Icon Uncommon Icon,239/262
Hutt's Henchmen ,SHD,Villainy Icon,Unit,cost Icon,Underworld,Common Icon Common Icon,240/262
Kragan Gorr Warbird Captain,SHD,Villainy Icon,Unit,cost Icon,Underworld,Rare Icon Rare Icon,241/262
Gideon's Light Cruiser Dark Troopers' Station,SHD,Villainy Icon,Unit,cost Icon,"Imperial, Vehicle, Capital Ship",Special Icon Special Icon,242/262
Altering the Deal ,SHD,Villainy Icon,Event,cost Icon,Trick,Rare Icon Rare Icon,243/262
No Bargain ,SHD,Villainy Icon,Event,cost Icon,Trick,Common Icon Common Icon,244/262
Greef Karga Affable Commissioner,SHD,Heroism Icon,Unit,cost Icon,"Fringe, Official",Special Icon Special Icon,245/262
Grey Squadron Y-Wing ,SHD,Heroism Icon,Unit,cost Icon,"Rebel, Vehicle, Fighter",Common Icon Common Icon,246/262
Protector of the Throne ,SHD,Heroism Icon,Unit,cost Icon,Mandalorian,Common Icon Common Icon,247/262
Tech Source of Insight,SHD,Heroism Icon,Unit,cost Icon,"Fringe, Clone",Rare Icon Rare Icon,248/262
Wookiee Warrior ,SHD,Heroism Icon,Unit,cost Icon,Wookiee,Common Icon Common Icon,249/262
Tarfful Kashyyyk Chieftain,SHD,Heroism Icon,Unit,cost Icon,Wookiee,Rare Icon Rare Icon,250/262
The Mandalorian's Rifle ,SHD,Heroism Icon,Upgrade,cost Icon,"Item, Weapon",Special Icon Special Icon,251/262
Smuggler's Aid ,SHD,Heroism Icon,Event,cost Icon,Supply,Common Icon Common Icon,252/262
This Is The Way ,SHD,Heroism Icon,Event,cost Icon,Mandalorian,Uncommon Icon Uncommon Icon,253/262
Bounty Guild Initiate ,SHD,—,Unit,cost Icon,Bounty Hunter,Common Icon Common Icon,254/262
Lady Proxima White Worm Matriarch,SHD,—,Unit,cost Icon,Underworld,Uncommon Icon Uncommon Icon,255/262
Mercenary Gunship ,SHD,—,Unit,cost Icon,"Underworld, Vehicle, Fighter",Uncommon Icon Uncommon Icon,256/262
Underworld Thug ,SHD,—,Unit,cost Icon,Underworld,Common Icon Common Icon,257/262
Mandalorian Warrior ,SHD,—,Unit,cost Icon,Mandalorian,Common Icon Common Icon,258/262
Twin Pod Cloud Car ,SHD,—,Unit,cost Icon,"Fringe, Vehicle, Fighter",Common Icon Common Icon,259/262
Street Gang Recruiter ,SHD,—,Unit,cost Icon,Underworld,Common Icon Common Icon,260/262
Rich Reward ,SHD,—,Upgrade,cost Icon,"Bounty, Condition",Common Icon Common Icon,261/262
Confiscate ,SHD,—,Event,cost Icon,Law,Special Icon Special Icon,262/262
Inferno Four Unforgetting,SOR,Villainy Icon Vigilance Icon,Unit,cost Icon,"Imperial, Vehicle, Fighter",Uncommon Icon Uncommon Icon,31/252
Scout Bike Pursuer ,SOR,Villainy Icon Vigilance Icon,Unit,cost Icon,"Imperial, Trooper",Common Icon Common Icon,32/252
Death Trooper ,SOR,Villainy Icon Vigilance Icon,Unit,cost Icon,"Imperial, Trooper",Common Icon Common Icon,33/252
Del Meeko Providing Overwatch,SOR,Villainy Icon Vigilance Icon,Unit,cost Icon,"Imperial, Trooper",Rare Icon Rare Icon,34/252
Lieutenant Childsen Death Star Prison Warden,SOR,Vigilance Icon Villainy Icon,Unit,cost Icon,"Imperial, Official",Uncommon Icon Uncommon Icon,35/252
Gideon Hask Ruthless Loyalist,SOR,Villainy Icon Vigilance Icon,Unit,cost Icon,"Imperial, Trooper",Rare Icon Rare Icon,36/252
Academy Defense Walker ,SOR,Villainy Icon Vigilance Icon,Unit,cost Icon,"Imperial, Vehicle, Walker",Common Icon Common Icon,37/252
Count Dooku Darth Tyranus,SOR,Villainy Icon Vigilance Icon,Unit,cost Icon,"Force, Sith, Separatist",Rare Icon Rare Icon,38/252
AT-AT Suppressor ,SOR,Villainy Icon Vigilance Icon,Unit,cost Icon,"Imperial, Vehicle, Walker",Uncommon Icon Uncommon Icon,39/252
Avenger Hunting Star Destroyer,SOR,Vigilance Icon Villainy Icon,Unit,cost Icon,"Imperial, Vehicle, Capital Ship",Legendary Icon Legendary Icon,40/252
Power of the Dark Side ,SOR,Villainy Icon Vigilance Icon,Event,cost Icon,Innate,Uncommon Icon Uncommon Icon,41/252
Search Your Feelings ,SOR,Villainy Icon Vigilance Icon,Event,cost Icon,Innate,Rare Icon Rare Icon,42/252
Superlaser Blast ,SOR,Villainy Icon Vigilance Icon,Event,cost Icon,"Tactic, Disaster",Legendary Icon Legendary Icon,43/252
Restored ARC-170 ,SOR,Vigilance Icon Heroism Icon,Unit,cost Icon,"Rebel, Vehicle, Fighter",Common Icon Common Icon,44/252
Yoda Old Master,SOR,Vigilance Icon Heroism Icon,Unit,cost Icon,"Force, Jedi",Uncommon Icon Uncommon Icon,45/252
Consular Security Force ,SOR,Vigilance Icon Heroism Icon,Unit,cost Icon,"Rebel, Trooper",Common Icon Common Icon,46/252
Kanan Jarrus Revealed Jedi,SOR,Vigilance Icon Heroism Icon,Unit,cost Icon,"Force, Jedi, Rebel, Spectre",Uncommon Icon Uncommon Icon,47/252
Vigilant Honor Guards ,SOR,Heroism Icon Vigilance Icon,Unit,cost Icon,Rebel,Common Icon Common Icon,48/252
Obi-Wan Kenobi Following Fate,SOR,Vigilance Icon Heroism Icon,Unit,cost Icon,"Force, Jedi",Rare Icon Rare Icon,49/252
The Ghost Spectre Home Base,SOR,Vigilance Icon Heroism Icon,Unit,cost Icon,"Rebel, Vehicle, Transport, Spectre",Uncommon Icon Uncommon Icon,50/252
Luke Skywalker Jedi Knight,SOR,Heroism Icon Vigilance Icon,Unit,cost Icon,"Force, Jedi, Rebel",Legendary Icon Legendary Icon,51/252
Redemption Medical Frigate,SOR,Heroism Icon Vigilance Icon,Unit,cost Icon,"Rebel, Vehicle, Capital Ship",Rare Icon Rare Icon,52/252
Luke's Lightsaber ,SOR,Heroism Icon Vigilance Icon,Upgrade,cost Icon,"Item, Weapon, Lightsaber",Special Icon Special Icon,53/252
Jedi Lightsaber ,SOR,Heroism Icon Vigilance Icon,Upgrade,cost Icon,"Item, Weapon, Lightsaber",Rare Icon Rare Icon,54/252
The Force Is With Me ,SOR,Heroism Icon Vigilance Icon,Event,cost Icon,Force,Uncommon Icon Uncommon Icon,55/252
Bendu The One in the Middle,SOR,Vigilance Icon Vigilance Icon,Unit,cost Icon,"Creature, Force",Rare Icon Rare Icon,56/252
Protector ,SOR,Vigilance Icon Vigilance Icon,Upgrade,cost Icon,Innate,Uncommon Icon Uncommon Icon,57/252
Vigilance ,SOR,Vigilance Icon Vigilance Icon,Event,cost Icon,Innate,Legendary Icon Legendary Icon,58/252
2-1B Surgical Droid ,SOR,Vigilance Icon,Unit,cost Icon,Droid,Common Icon Common Icon,59/252
Distant Patroller ,SOR,Vigilance Icon,Unit,cost Icon,"Fringe, Vehicle, Fighter",Uncommon Icon Uncommon Icon,60/252
Guardian of the Whills ,SOR,Vigilance Icon,Unit,cost Icon,"Force, Fringe",Common Icon Common Icon,61/252
Regional Governor ,SOR,Vigilance Icon,Unit,cost Icon,"Imperial, Official",Rare Icon Rare Icon,62/252
Cloud City Wing Guard ,SOR,Vigilance Icon,Unit,cost Icon,"Fringe, Trooper",Common Icon Common Icon,63/252
Wilderness Fighter ,SOR,Vigilance Icon,Unit,cost Icon,Trooper,Common Icon Common Icon,64/252
Baze Malbus Temple Guardian,SOR,Vigilance Icon,Unit,cost Icon,Fringe,Uncommon Icon Uncommon Icon,65/252
System Patrol Craft ,SOR,Vigilance Icon,Unit,cost Icon,"Vehicle, Fighter",Common Icon Common Icon,66/252
Rugged Survivors ,SOR,Vigilance Icon,Unit,cost Icon,Fringe,Common Icon Common Icon,67/252
Cargo Juggernaut ,SOR,Vigilance Icon,Unit,cost Icon,"Vehicle, Tank",Common Icon Common Icon,68/252
Resilient ,SOR,Vigilance Icon,Upgrade,cost Icon,Innate,Common Icon Common Icon,69/252
Devotion ,SOR,Vigilance Icon,Upgrade,cost Icon,Innate,Uncommon Icon Uncommon Icon,70/252
Electrostaff ,SOR,Vigilance Icon,Upgrade,cost Icon,"Item, Weapon",Rare Icon Rare Icon,71/252
Entrenched ,SOR,Vigilance Icon,Upgrade,cost Icon,Condition,Uncommon Icon Uncommon Icon,72/252
Moment of Peace ,SOR,Vigilance Icon,Event,cost Icon,Innate,Common Icon Common Icon,73/252
Repair ,SOR,Vigilance Icon,Event,cost Icon,Supply,Common Icon Common Icon,74/252
It Binds All Things ,SOR,Vigilance Icon,Event,cost Icon,Force,Rare Icon Rare Icon,75/252
Make an Opening ,SOR,Vigilance Icon,Event,cost Icon,Tactic,Common Icon Common Icon,76/252
Takedown ,SOR,Vigilance Icon,Event,cost Icon,Tactic,Uncommon Icon Uncommon Icon,77/252
Vanquish ,SOR,Vigilance Icon,Event,cost Icon,Tactic,Common Icon Common Icon,78/252
Admiral Piett Captain of the Executor,SOR,Command Icon Villainy Icon,Unit,cost Icon,"Imperial, Official",Uncommon Icon Uncommon Icon,79/252
General Tagge Concerned Commander,SOR,Villainy Icon Command Icon,Unit,cost Icon,"Imperial, Official",Uncommon Icon Uncommon Icon,80/252
Seasoned Shoretrooper ,SOR,Villainy Icon Command Icon,Unit,cost Icon,"Imperial, Trooper",Common Icon Common Icon,81/252
Emperor's Royal Guard ,SOR,Villainy Icon Command Icon,Unit,cost Icon,Imperial,Rare Icon Rare Icon,82/252
Superlaser Technician ,SOR,Villainy Icon Command Icon,Unit,cost Icon,Imperial,Common Icon Common Icon,83/252
Grand Moff Tarkin Death Star Overseer,SOR,Command Icon Villainy Icon,Unit,cost Icon,"Imperial, Official",Special Icon Special Icon,84/252
Rukh Thrawn's Assassin,SOR,Villainy Icon Command Icon,Unit,cost Icon,Imperial,Rare Icon Rare Icon,85/252
Gladiator Star Destroyer ,SOR,Command Icon Villainy Icon,Unit,cost Icon,"Imperial, Vehicle, Capital Ship",Common Icon Common Icon,86/252
Darth Vader Commanding the First Legion,SOR,Villainy Icon Command Icon,Unit,cost Icon,"Force, Imperial, Sith",Legendary Icon Legendary Icon,87/252
Blizzard Assault AT-AT ,SOR,Villainy Icon Command Icon,Unit,cost Icon,"Imperial, Vehicle, Walker",Uncommon Icon Uncommon Icon,88/252
Relentless Konstantine's Folly,SOR,Villainy Icon Command Icon,Unit,cost Icon,"Imperial, Vehicle, Capital Ship",Rare Icon Rare Icon,89/252
Devastator Inescapable,SOR,Villainy Icon Command Icon,Unit,cost Icon,"Imperial, Vehicle, Capital Ship",Legendary Icon Legendary Icon,90/252
The Emperor's Legion ,SOR,Villainy Icon Command Icon,Event,cost Icon,"Imperial, Supply",Rare Icon Rare Icon,91/252
Overwhelming Barrage ,SOR,Villainy Icon Command Icon,Event,cost Icon,Tactic,Uncommon Icon Uncommon Icon,92/252
Alliance Dispatcher ,SOR,Heroism Icon Command Icon,Unit,cost Icon,Rebel,Common Icon Common Icon,93/252
Bail Organa Rebel Councilor,SOR,Command Icon Heroism Icon,Unit,cost Icon,"Rebel, Official",Rare Icon Rare Icon,94/252
Battlefield Marine ,SOR,Command Icon Heroism Icon,Unit,cost Icon,"Rebel, Trooper",Common Icon Common Icon,95/252
Mon Mothma Voice Of The Rebellion,SOR,Command Icon Heroism Icon,Unit,cost Icon,"Rebel, Official",Uncommon Icon Uncommon Icon,96/252
Admiral Ackbar Brilliant Strategist,SOR,Command Icon Heroism Icon,Unit,cost Icon,"Rebel, Official",Rare Icon Rare Icon,97/252
Echo Base Defender ,SOR,Command Icon Heroism Icon,Unit,cost Icon,"Rebel, Trooper",Common Icon Common Icon,98/252
Bright Hope The Last Transport,SOR,Command Icon Heroism Icon,Unit,cost Icon,"Rebel, Vehicle, Transport",Uncommon Icon Uncommon Icon,99/252
Wedge Antilles Star of the Rebellion,SOR,Command Icon Heroism Icon,Unit,cost Icon,Rebel,Rare Icon Rare Icon,100/252
Rogue Squadron Skirmisher ,SOR,Command Icon Heroism Icon,Unit,cost Icon,"Rebel, Vehicle, Speeder",Uncommon Icon Uncommon Icon,101/252
Home One Alliance Flagship,SOR,Command Icon Heroism Icon,Unit,cost Icon,"Rebel, Vehicle, Capital Ship",Legendary Icon Legendary Icon,102/252
Rebel Assault ,SOR,Heroism Icon Command Icon,Event,cost Icon,"Rebel, Tactic",Uncommon Icon Uncommon Icon,103/252
U-Wing Reinforcement ,SOR,Heroism Icon Command Icon,Event,cost Icon,Supply,Rare Icon Rare Icon,104/252
General Krell Heartless Tactician,SOR,Command Icon Command Icon,Unit,cost Icon,"Force, Jedi, Republic",Rare Icon Rare Icon,105/252
Attack Pattern Delta ,SOR,Command Icon Command Icon,Event,cost Icon,Tactic,Uncommon Icon Uncommon Icon,106/252
Command ,SOR,Command Icon Command Icon,Event,cost Icon,Innate,Legendary Icon Legendary Icon,107/252
Vanguard Infantry ,SOR,Command Icon,Unit,cost Icon,Trooper,Common Icon Common Icon,108/252
Colonel Yularen ISB Director,SOR,Command Icon,Unit,cost Icon,"Imperial, Official",Uncommon Icon Uncommon Icon,109/252
Frontline Shuttle ,SOR,Command Icon,Unit,cost Icon,"Vehicle, Transport",Rare Icon Rare Icon,110/252
Patrolling V-Wing ,SOR,Command Icon,Unit,cost Icon,"Vehicle, Fighter",Common Icon Common Icon,111/252
Consortium StarViper ,SOR,Command Icon,Unit,cost Icon,"Fringe, Vehicle, Fighter",Common Icon Common Icon,112/252
Homestead Militia ,SOR,Command Icon,Unit,cost Icon,"Fringe, Trooper",Common Icon Common Icon,113/252
Escort Skiff ,SOR,Command Icon,Unit,cost Icon,"Underworld, Vehicle, Speeder",Common Icon Common Icon,114/252
Agent Kallus Seeking the Rebels,SOR,Command Icon,Unit,cost Icon,"Imperial, Trooper",Rare Icon Rare Icon,115/252
Steadfast Battalion ,SOR,Command Icon,Unit,cost Icon,Trooper,Common Icon Common Icon,116/252
Mercenary Company ,SOR,Command Icon,Unit,cost Icon,"Underworld, Trooper",Common Icon Common Icon,117/252
97th Legion Keeping the Peace on Sullust,SOR,Command Icon,Unit,cost Icon,"Imperial, Trooper",Uncommon Icon Uncommon Icon,118/252
Reinforcement Walker ,SOR,Command Icon,Unit,cost Icon,"Vehicle, Walker",Uncommon Icon Uncommon Icon,119/252
Academy Training ,SOR,Command Icon,Upgrade,cost Icon,Learned,Common Icon Common Icon,120/252
Hardpoint Heavy Blaster ,SOR,Command Icon,Upgrade,cost Icon,"Modification, Weapon",Uncommon Icon Uncommon Icon,121/252
Traitorous ,SOR,Command Icon,Upgrade,cost Icon,Innate,Rare Icon Rare Icon,122/252
Recruit ,SOR,Command Icon,Event,cost Icon,Supply,Common Icon Common Icon,123/252
Tactical Advantage ,SOR,Command Icon,Event,cost Icon,Tactic,Common Icon Common Icon,124/252
Prepare for Takeoff ,SOR,Command Icon,Event,cost Icon,Plan,Uncommon Icon Uncommon Icon,125/252
Resupply ,SOR,Command Icon,Event,cost Icon,Supply,Common Icon Common Icon,126/252
Strike True ,SOR,Command Icon,Event,cost Icon,Tactic,Common Icon Common Icon,127/252
Death Star Stormtrooper ,SOR,Aggression Icon Villainy Icon,Unit,cost Icon,"Imperial, Trooper",Common Icon Common Icon,128/252
Admiral Ozzel Overconfident,SOR,Aggression Icon Villainy Icon,Unit,cost Icon,"Imperial, Official",Uncommon Icon Uncommon Icon,129/252
First Legion Snowtrooper ,SOR,Aggression Icon Villainy Icon,Unit,cost Icon,"Imperial, Trooper",Common Icon Common Icon,130/252
Fifth Brother Fear Hunter,SOR,Aggression Icon Villainy Icon,Unit,cost Icon,"Force, Imperial, Inquisitor",Uncommon Icon Uncommon Icon,131/252
Imperial Interceptor ,SOR,Aggression Icon Villainy Icon,Unit,cost Icon,"Imperial, Vehicle, Fighter",Common Icon Common Icon,132/252
Seventh Sister Implacable Inquisitor,SOR,Aggression Icon Villainy Icon,Unit,cost Icon,"Force, Imperial, Inquisitor",Rare Icon Rare Icon,133/252
Ruthless Raider ,SOR,Aggression Icon Villainy Icon,Unit,cost Icon,"Imperial, Vehicle, Capital Ship",Uncommon Icon Uncommon Icon,134/252
Emperor Palpatine Master of the Dark Side,SOR,Aggression Icon Villainy Icon,Unit,cost Icon,"Force, Imperial, Sith, Official",Rare Icon Rare Icon,135/252
Vader's Lightsaber ,SOR,Aggression Icon Villainy Icon,Upgrade,cost Icon,"Item, Weapon, Lightsaber",Special Icon Special Icon,136/252
Fallen Lightsaber ,SOR,Aggression Icon Villainy Icon,Upgrade,cost Icon,"Item, Weapon, Lightsaber",Rare Icon Rare Icon,137/252
Force Lightning ,SOR,Aggression Icon Villainy Icon,Event,cost Icon,Force,Legendary Icon Legendary Icon,138/252
Force Choke ,SOR,Aggression Icon Villainy Icon,Event,cost Icon,Force,Uncommon Icon Uncommon Icon,139/252
SpecForce Soldier ,SOR,Aggression Icon Heroism Icon,Unit,cost Icon,"Rebel, Trooper",Common Icon Common Icon,140/252
Green Squadron A-Wing ,SOR,Aggression Icon Heroism Icon,Unit,cost Icon,"Rebel, Vehicle, Fighter",Common Icon Common Icon,141/252
Sabine Wren Explosives Artist,SOR,Aggression Icon Heroism Icon,Unit,cost Icon,"Mandalorian, Rebel, Spectre",Uncommon Icon Uncommon Icon,142/252
Fighters for Freedom ,SOR,Aggression Icon Heroism Icon,Unit,cost Icon,"Rebel, Trooper",Uncommon Icon Uncommon Icon,143/252
Red Three Unstoppable,SOR,Aggression Icon Heroism Icon,Unit,cost Icon,"Rebel, Vehicle, Fighter",Rare Icon Rare Icon,144/252
K-2SO Cassian's Counterpart,SOR,Aggression Icon Heroism Icon,Unit,cost Icon,"Rebel, Droid",Rare Icon Rare Icon,145/252
Zeb Orrelios Headstrong Warrior,SOR,Aggression Icon Heroism Icon,Unit,cost Icon,"Rebel, Spectre",Uncommon Icon Uncommon Icon,146/252
Black One Scourge of Starkiller Base,SOR,Aggression Icon Heroism Icon,Unit,cost Icon,"Resistance, Vehicle, Fighter",Legendary Icon Legendary Icon,147/252
Guerilla Attack Pod ,SOR,Aggression Icon Heroism Icon,Unit,cost Icon,"Rebel, Vehicle, Walker",Common Icon Common Icon,148/252
Mace Windu Party Crasher,SOR,Aggression Icon Heroism Icon,Unit,cost Icon,"Force, Jedi, Republic",Legendary Icon Legendary Icon,149/252
Heroic Sacrifice ,SOR,Aggression Icon Heroism Icon,Event,cost Icon,Tactic,Rare Icon Rare Icon,150/252
Karabast ,SOR,Aggression Icon Heroism Icon,Event,cost Icon,Spectre,Uncommon Icon Uncommon Icon,151/252
For a Cause I Believe In ,SOR,Aggression Icon Heroism Icon,Event,cost Icon,Innate,Rare Icon Rare Icon,152/252
Saw Gerrera Extremist,SOR,Aggression Icon Aggression Icon,Unit,cost Icon,Rebel,Rare Icon Rare Icon,153/252
Rallying Cry ,SOR,Aggression Icon Aggression Icon,Event,cost Icon,Tactic,Uncommon Icon Uncommon Icon,154/252
Aggression ,SOR,Aggression Icon Aggression Icon,Event,cost Icon,Innate,Legendary Icon Legendary Icon,155/252
"Benthic ""Two Tubes"" Partisan Lieutenant",SOR,Aggression Icon,Unit,cost Icon,"Rebel, Trooper",Uncommon Icon Uncommon Icon,156/252
Cantina Braggart ,SOR,Aggression Icon,Unit,cost Icon,Underworld,Common Icon Common Icon,157/252
Jedha Agitator ,SOR,Aggression Icon,Unit,cost Icon,Rebel,Common Icon Common Icon,158/252
Partisan Insurgent ,SOR,Aggression Icon,Unit,cost Icon,"Rebel, Trooper",Common Icon Common Icon,159/252
Wolffe Suspicious Veteran,SOR,Aggression Icon,Unit,cost Icon,"Fringe, Clone",Rare Icon Rare Icon,160/252
Ardent Sympathizer ,SOR,Aggression Icon,Unit,cost Icon,Trooper,Common Icon Common Icon,161/252
Disabling Fang Fighter ,SOR,Aggression Icon,Unit,cost Icon,"Mandalorian, Vehicle, Fighter",Common Icon Common Icon,162/252
Star Wing Scout ,SOR,Aggression Icon,Unit,cost Icon,"Vehicle, Fighter",Uncommon Icon Uncommon Icon,163/252
Wampa ,SOR,Aggression Icon,Unit,cost Icon,Creature,Common Icon Common Icon,164/252
Occupier Siege Tank ,SOR,Aggression Icon,Unit,cost Icon,"Imperial, Vehicle, Tank",Common Icon Common Icon,165/252
Infiltrator's Skill ,SOR,Aggression Icon,Upgrade,cost Icon,Learned,Common Icon Common Icon,166/252
Force Throw ,SOR,Aggression Icon,Event,cost Icon,Force,Uncommon Icon Uncommon Icon,167/252
Precision Fire ,SOR,Aggression Icon,Event,cost Icon,Tactic,Common Icon Common Icon,168/252
Keep Fighting ,SOR,Aggression Icon,Event,cost Icon,Tactic,Common Icon Common Icon,169/252
Power Failure ,SOR,Aggression Icon,Event,cost Icon,Tactic,Uncommon Icon Uncommon Icon,170/252
Mission Briefing ,SOR,Aggression Icon,Event,cost Icon,Plan,Common Icon Common Icon,171/252
Open Fire ,SOR,Aggression Icon,Event,cost Icon,Tactic,Common Icon Common Icon,172/252
Bombing Run ,SOR,Aggression Icon,Event,cost Icon,Tactic,Rare Icon Rare Icon,173/252
Smoke and Cinders ,SOR,Aggression Icon,Event,cost Icon,Disaster,Rare Icon Rare Icon,174/252
Forced Surrender ,SOR,Aggression Icon,Event,cost Icon,Plan,Uncommon Icon Uncommon Icon,175/252
ISB Agent ,SOR,Cunning Icon Villainy Icon,Unit,cost Icon,Imperial,Common Icon Common Icon,176/252
Bib Fortuna Jabba's Majordomo,SOR,Cunning Icon Villainy Icon,Unit,cost Icon,"Underworld, Twi'lek",Uncommon Icon Uncommon Icon,177/252
Cartel Spacer ,SOR,Cunning Icon Villainy Icon,Unit,cost Icon,"Underworld, Vehicle, Fighter",Uncommon Icon Uncommon Icon,178/252
Boba Fett Disintegrator,SOR,Cunning Icon Villainy Icon,Unit,cost Icon,"Underworld, Bounty Hunter",Legendary Icon Legendary Icon,179/252
Seventh Fleet Defender ,SOR,Cunning Icon Villainy Icon,Unit,cost Icon,"Imperial, Vehicle, Fighter",Common Icon Common Icon,180/252
Jabba the Hutt Cunning Daimyo,SOR,Cunning Icon Villainy Icon,Unit,cost Icon,"Underworld, Hutt",Rare Icon Rare Icon,181/252
Bossk Deadly Stalker,SOR,Cunning Icon Villainy Icon,Unit,cost Icon,"Underworld, Bounty Hunter",Uncommon Icon Uncommon Icon,182/252
Bounty Hunter Crew ,SOR,Cunning Icon Villainy Icon,Unit,cost Icon,"Underworld, Bounty Hunter",Common Icon Common Icon,183/252
Fett's Firespray Pursuing the Bounty,SOR,Cunning Icon Villainy Icon,Unit,cost Icon,"Underworld, Vehicle, Transport",Rare Icon Rare Icon,184/252
Chimaera Flagship of the Seventh Fleet,SOR,Villainy Icon Cunning Icon,Unit,cost Icon,"Imperial, Vehicle, Capital Ship",Rare Icon Rare Icon,185/252
No Good to Me Dead ,SOR,Cunning Icon Villainy Icon,Event,cost Icon,Plan,Uncommon Icon Uncommon Icon,186/252
I Had No Choice ,SOR,Cunning Icon Villainy Icon,Event,cost Icon,Trick,Rare Icon Rare Icon,187/252
Chopper Metal Menace,SOR,Cunning Icon Heroism Icon,Unit,cost Icon,"Rebel, Droid, Spectre",Rare Icon Rare Icon,188/252
Leia Organa Defiant Princess,SOR,Cunning Icon Heroism Icon,Unit,cost Icon,"Rebel, Official",Special Icon Special Icon,189/252
Lothal Insurgent ,SOR,Cunning Icon Heroism Icon,Unit,cost Icon,Rebel,Common Icon Common Icon,190/252
Vanguard Ace ,SOR,Cunning Icon Heroism Icon,Unit,cost Icon,"New Republic, Vehicle, Fighter",Uncommon Icon Uncommon Icon,191/252
Ezra Bridger Resourceful Troublemaker,SOR,Cunning Icon Heroism Icon,Unit,cost Icon,"Force, Rebel, Spectre",Uncommon Icon Uncommon Icon,192/252
Millennium Falcon Piece of Junk,SOR,Cunning Icon Heroism Icon,Unit,cost Icon,"Underworld, Vehicle, Transport",Legendary Icon Legendary Icon,193/252
Rogue Operative ,SOR,Cunning Icon Heroism Icon,Unit,cost Icon,"Rebel, Trooper",Common Icon Common Icon,194/252
Auzituck Liberator Gunship ,SOR,Cunning Icon Heroism Icon,Unit,cost Icon,"Vehicle, Fighter",Common Icon Common Icon,195/252
Chewbacca Loyal Companion,SOR,Cunning Icon Heroism Icon,Unit,cost Icon,"Underworld, Wookiee",Uncommon Icon Uncommon Icon,196/252
Lando Calrissian Responsible Businessman,SOR,Cunning Icon Heroism Icon,Unit,cost Icon,"Fringe, Official",Rare Icon Rare Icon,197/252
Han Solo Reluctant Hero,SOR,Cunning Icon Heroism Icon,Unit,cost Icon,Underworld,Rare Icon Rare Icon,198/252
Bamboozle ,SOR,Cunning Icon Heroism Icon,Event,cost Icon,Trick,Uncommon Icon Uncommon Icon,199/252
Spark of Rebellion ,SOR,Cunning Icon Heroism Icon,Event,cost Icon,Spectre,Rare Icon Rare Icon,200/252
Bodhi Rook Imperial Defector,SOR,Cunning Icon Cunning Icon,Unit,cost Icon,"Imperial, Rebel",Rare Icon Rare Icon,201/252
Cantina Bouncer ,SOR,Cunning Icon Cunning Icon,Unit,cost Icon,Fringe,Uncommon Icon Uncommon Icon,202/252
Cunning ,SOR,Cunning Icon Cunning Icon,Event,cost Icon,Innate,Legendary Icon Legendary Icon,203/252
Greedo Slow on the Draw,SOR,Cunning Icon,Unit,cost Icon,"Underworld, Bounty Hunter",Uncommon Icon Uncommon Icon,204/252
Jawa Scavenger ,SOR,Cunning Icon,Unit,cost Icon,"Fringe, Jawa",Common Icon Common Icon,205/252
Mining Guild TIE Fighter ,SOR,Cunning Icon,Unit,cost Icon,"Fringe, Vehicle, Fighter",Common Icon Common Icon,206/252
Crafty Smuggler ,SOR,Cunning Icon,Unit,cost Icon,Underworld,Common Icon Common Icon,207/252
Outer Rim Headhunter ,SOR,Cunning Icon,Unit,cost Icon,"Fringe, Vehicle, Fighter",Common Icon Common Icon,208/252
Pirated Starfighter ,SOR,Cunning Icon,Unit,cost Icon,"Underworld, Vehicle, Fighter",Uncommon Icon Uncommon Icon,209/252
Swoop Racer ,SOR,Cunning Icon,Unit,cost Icon,Fringe,Common Icon Common Icon,210/252
Gamorrean Guards ,SOR,Cunning Icon,Unit,cost Icon,Underworld,Common Icon Common Icon,211/252
Strafing Gunship ,SOR,Cunning Icon,Unit,cost Icon,"Underworld, Vehicle, Fighter",Rare Icon Rare Icon,212/252
Syndicate Lackeys ,SOR,Cunning Icon,Unit,cost Icon,Underworld,Common Icon Common Icon,213/252
Smuggling Compartment ,SOR,Cunning Icon,Upgrade,cost Icon,Modification,Uncommon Icon Uncommon Icon,214/252
Snapshot Reflexes ,SOR,Cunning Icon,Upgrade,cost Icon,Learned,Common Icon Common Icon,215/252
Disarm ,SOR,Cunning Icon,Event,cost Icon,Tactic,Common Icon Common Icon,216/252
Shoot First ,SOR,Cunning Icon,Event,cost Icon,Trick,Uncommon Icon Uncommon Icon,217/252
Asteroid Sanctuary ,SOR,Cunning Icon,Event,cost Icon,Trick,Common Icon Common Icon,218/252
Sneak Attack ,SOR,Cunning Icon,Event,cost Icon,Trick,Rare Icon Rare Icon,219/252
Surprise Strike ,SOR,Cunning Icon,Event,cost Icon,Tactic,Common Icon Common Icon,220/252
Outmaneuver ,SOR,Cunning Icon,Event,cost Icon,Tactic,Uncommon Icon Uncommon Icon,221/252
Waylay ,SOR,Cunning Icon,Event,cost Icon,Trick,Common Icon Common Icon,222/252
Don't Get Cocky ,SOR,Cunning Icon,Event,cost Icon,Gambit,Rare Icon Rare Icon,223/252
Change of Heart ,SOR,Cunning Icon,Event,cost Icon,Gambit,Legendary Icon Legendary Icon,224/252
TIE/ln Fighter ,SOR,Villainy Icon,Unit,cost Icon,"Imperial, Vehicle, Fighter",Common Icon Common Icon,225/252
Admiral Motti Brazen and Scornful,SOR,Villainy Icon,Unit,cost Icon,"Imperial, Official",Special Icon Special Icon,226/252
Snowtrooper Lieutenant ,SOR,Villainy Icon,Unit,cost Icon,"Imperial, Trooper",Common Icon Common Icon,227/252
Viper Probe Droid ,SOR,Villainy Icon,Unit,cost Icon,"Imperial, Droid",Common Icon Common Icon,228/252
Cell Block Guard ,SOR,Villainy Icon,Unit,cost Icon,"Imperial, Trooper",Common Icon Common Icon,229/252
General Veers Blizzard Force Commander,SOR,Villainy Icon,Unit,cost Icon,"Imperial, Official",Uncommon Icon Uncommon Icon,230/252
TIE Advanced ,SOR,Villainy Icon,Unit,cost Icon,"Imperial, Vehicle, Fighter",Uncommon Icon Uncommon Icon,231/252
AT-ST ,SOR,Villainy Icon,Unit,cost Icon,"Imperial, Vehicle, Walker",Common Icon Common Icon,232/252
I Am Your Father ,SOR,Villainy Icon,Event,cost Icon,Gambit,Special Icon Special Icon,233/252
Maximum Firepower ,SOR,Villainy Icon,Event,cost Icon,"Imperial, Tactic",Common Icon Common Icon,234/252
Galactic Ambition ,SOR,Villainy Icon,Event,cost Icon,Innate,Rare Icon Rare Icon,235/252
R2-D2 Ignoring Protocol,SOR,Heroism Icon,Unit,cost Icon,"Rebel, Droid",Special Icon Special Icon,236/252
Alliance X-Wing ,SOR,Heroism Icon,Unit,cost Icon,"Rebel, Vehicle, Fighter",Common Icon Common Icon,237/252
C-3PO Protocol Droid,SOR,Heroism Icon,Unit,cost Icon,"Rebel, Droid",Special Icon Special Icon,238/252
Rebel Pathfinder ,SOR,Heroism Icon,Unit,cost Icon,"Rebel, Trooper",Common Icon Common Icon,239/252
Fleet Lieutenant ,SOR,Heroism Icon,Unit,cost Icon,"Rebel, Trooper",Common Icon Common Icon,240/252
Wing Leader ,SOR,Heroism Icon,Unit,cost Icon,"Rebel, Vehicle, Fighter",Uncommon Icon Uncommon Icon,241/252
General Dodonna Massassi Group Commander,SOR,Heroism Icon,Unit,cost Icon,"Rebel, Official",Uncommon Icon Uncommon Icon,242/252
Regional Sympathizers ,SOR,Heroism Icon,Unit,cost Icon,Rebel,Common Icon Common Icon,243/252
Snowspeeder ,SOR,Heroism Icon,Unit,cost Icon,"Rebel, Vehicle, Speeder",Common Icon Common Icon,244/252
Medal Ceremony ,SOR,Heroism Icon,Event,cost Icon,Rebel,Common Icon Common Icon,245/252
You're My Only Hope ,SOR,Heroism Icon,Event,cost Icon,Gambit,Rare Icon Rare Icon,246/252
Underworld Thug ,SOR,—,Unit,cost Icon,Underworld,Common Icon Common Icon,247/252
Volunteer Soldier ,SOR,—,Unit,cost Icon,Trooper,Common Icon Common Icon,248/252
Frontier AT-RT ,SOR,—,Unit,cost Icon,"Vehicle, Walker",Common Icon Common Icon,249/252
Corellian Freighter ,SOR,—,Unit,cost Icon,"Vehicle, Transport",Common Icon Common Icon,250/252
Confiscate ,SOR,—,Event,cost Icon,Law,Common Icon Common Icon,251/252
Restock ,SOR,—,Event,cost Icon,Supply,Common Icon Common Icon,252/252
Battle Droid ,TWI,Villainy Icon,Token Unit,cost Icon,"Separatist, Droid, Trooper",Common Icon Common Icon,1/4
Clone Trooper ,TWI,Heroism Icon,Token Unit,cost Icon,"Republic, Clone, Trooper",Common Icon Common Icon,2/4
Experience ,SHD,—,Token Upgrade,cost Icon,Learned,Common Icon Common Icon,1/4
Shield ,SHD,—,Token Upgrade,cost Icon,Armor,Common Icon Common Icon,2/4
Experience ,SOR,—,"Token Upgrade, Upgrade",cost Icon,Learned,Common Icon Common Icon,1/4
Shield ,SOR,—,Token Upgrade,cost Icon,Armor,Common Icon Common Icon,2/4
